-- MySQL dump 10.13  Distrib 8.0.37, for Linux (x86_64)
--
-- Host: localhost    Database: base_farmacia
-- ------------------------------------------------------
-- Server version	8.0.37-0ubuntu0.22.04.3

/*!40101 SET @OLD_CHARACTER_SET_CLIENT=@@CHARACTER_SET_CLIENT */;
/*!40101 SET @OLD_CHARACTER_SET_RESULTS=@@CHARACTER_SET_RESULTS */;
/*!40101 SET @OLD_COLLATION_CONNECTION=@@COLLATION_CONNECTION */;
/*!50503 SET NAMES utf8mb4 */;
/*!40103 SET @OLD_TIME_ZONE=@@TIME_ZONE */;
/*!40103 SET TIME_ZONE='+00:00' */;
/*!40014 SET @OLD_UNIQUE_CHECKS=@@UNIQUE_CHECKS, UNIQUE_CHECKS=0 */;
/*!40014 SET @OLD_FOREIGN_KEY_CHECKS=@@FOREIGN_KEY_CHECKS, FOREIGN_KEY_CHECKS=0 */;
/*!40101 SET @OLD_SQL_MODE=@@SQL_MODE, SQL_MODE='NO_AUTO_VALUE_ON_ZERO' */;
/*!40111 SET @OLD_SQL_NOTES=@@SQL_NOTES, SQL_NOTES=0 */;

--
-- Table structure for table `alumno`
--

DROP TABLE IF EXISTS `alumno`;
/*!40101 SET @saved_cs_client     = @@character_set_client */;
/*!50503 SET character_set_client = utf8mb4 */;
CREATE TABLE `alumno` (
  `codigo_alumno` varchar(100) COLLATE utf8mb4_general_ci NOT NULL,
  `nombre_alumno` varchar(100) COLLATE utf8mb4_general_ci NOT NULL,
  `facultad` varchar(100) COLLATE utf8mb4_general_ci NOT NULL,
  `sexo` varchar(100) COLLATE utf8mb4_general_ci NOT NULL,
  `fecha_nacimiento` varchar(100) COLLATE utf8mb4_general_ci NOT NULL,
  `id_aporte` varchar(100) COLLATE utf8mb4_general_ci NOT NULL,
  PRIMARY KEY (`codigo_alumno`),
  KEY `id_aporte` (`id_aporte`)
) ENGINE=InnoDB DEFAULT CHARSET=utf8mb4 COLLATE=utf8mb4_general_ci;
/*!40101 SET character_set_client = @saved_cs_client */;

--
-- Dumping data for table `alumno`
--

LOCK TABLES `alumno` WRITE;
/*!40000 ALTER TABLE `alumno` DISABLE KEYS */;
INSERT INTO `alumno` VALUES ('20180123C','MARCOS-SULCA-BRENDA MARÍA','INGENIERIA INDUSTRIAL Y DE SISTEMAS','','','31'),('20190112D','SIMON-CONDEZO-JAMES PAOLO','INGENIERIA ELECTRICA Y ELECTRONICA','','','29'),('20190123F','ORCCOTOMA-MEJIA-ALVARO NEICER','INGENIERIA INDUSTRIAL Y DE SISTEMAS','','','33'),('20191040G','ATALAYA-VALENTINO-CRYSTAL SHARON','INGENIERIA INDUSTRIAL Y DE SISTEMAS','','','20'),('20200037J','RAMIREZ-ACUÑA-ERIK SIDANE','INGENIERIA INDUSTRIAL Y DE SISTEMAS','','','23'),('20200084H','PEREZ-TINOCO-HAROLD ADRIAN','INGENIERIA INDUSTRIAL Y DE SISTEMAS','','','22'),('20200131F','VASQUEZ-GAMBOA-JHONATAN PATRICK','INGENIERIA INDUSTRIAL Y DE SISTEMAS','','','21'),('20200162I','BARCAYOLA-CAMPOS-JAMES ALEXANDER','INGENIERIA ELECTRICA Y ELECTRONICA','','','28'),('20200245k','Edgar Ivan Amador','FIP','M','15-10-2001','2'),('20200284G','Anderson Andres','FIIS','M','04-10-2000','1'),('20200448J','VARGAS-IGLESIAS-JAMES BRYAN','ING. GEOLOGICA MINERA Y METALURGICA','','','27'),('20202070D','QUISPE-MACHACA-GIAN MARCO','INGENIERIA INDUSTRIAL Y DE SISTEMAS','','','32'),('20202107E','TORRES-LUCAS-JAMES ALBERTO','INGENIERIA INDUSTRIAL Y DE SISTEMAS','','','30'),('20202127F','ESPINOZA-PRUDENCIO-JAMES SERGIO','ING. GEOLOGICA MINERA Y METALURGICA','','','26'),('20202157B','FERNANDEZ-DURAN-FRANKLIN JAMES','ING. GEOLOGICA MINERA Y METALURGICA','','','25'),('20204046C','ROBLES-BENITES-JOHAN HENRY','INGENIERIA INDUSTRIAL Y DE SISTEMAS','','','24'),('20204100H','CAMASI-CERON-PIO IVAN','INGENIERIA INDUSTRIAL Y DE SISTEMAS','','','19');
/*!40000 ALTER TABLE `alumno` ENABLE KEYS */;
UNLOCK TABLES;

--
-- Table structure for table `alumnos_pagados`
--

DROP TABLE IF EXISTS `alumnos_pagados`;
/*!40101 SET @saved_cs_client     = @@character_set_client */;
/*!50503 SET character_set_client = utf8mb4 */;
CREATE TABLE `alumnos_pagados` (
  `dni_cliente` varchar(50) COLLATE utf8mb4_general_ci NOT NULL,
  PRIMARY KEY (`dni_cliente`)
) ENGINE=InnoDB DEFAULT CHARSET=utf8mb4 COLLATE=utf8mb4_general_ci;
/*!40101 SET character_set_client = @saved_cs_client */;

--
-- Dumping data for table `alumnos_pagados`
--

LOCK TABLES `alumnos_pagados` WRITE;
/*!40000 ALTER TABLE `alumnos_pagados` DISABLE KEYS */;
INSERT INTO `alumnos_pagados` VALUES ('10003541'),('10024016'),('10032480'),('10067238'),('10077511'),('10159657'),('10177489'),('10250660'),('10326602'),('10433687'),('10457998'),('10477188'),('10527152'),('10557866'),('10625287'),('10643289'),('10666601'),('10669741'),('10673829'),('10674991'),('10702625'),('10777911'),('10778224'),('10782185'),('10783724'),('10810934'),('151031'),('15739843'),('16782346'),('20032820'),('20083371'),('20107662'),('21568398'),('25586686'),('25715847'),('2870519'),('2994156'),('32959235'),('40016665'),('40054504'),('40056875'),('40091818'),('40196738'),('40210933'),('40225832'),('40392536'),('40398582'),('40403701'),('40404367'),('40410858'),('40427311'),('40485069'),('40505521'),('40621049'),('40703893'),('40717819'),('40725985'),('40758732'),('40805501'),('40817557'),('40867208'),('40965069'),('40967160'),('40971434'),('40978819'),('41007828'),('41037090'),('41086715'),('41101158'),('41102675'),('41149185'),('41212034'),('41213954'),('41243576'),('41249102'),('41297203'),('41337292'),('41353711'),('41392291'),('41520353'),('41526773'),('41606741'),('41653566'),('41665941'),('41671585'),('41862780'),('41899106'),('41941510'),('42029972'),('42034288'),('42048175'),('42058429'),('42059715'),('42116569'),('42123677'),('42139085'),('42140498'),('42184170'),('42197538'),('42237617'),('42308981'),('42372014'),('42385294'),('42390575'),('42415157'),('42415258'),('42454391'),('42467839'),('42521684'),('42530864'),('42554111'),('42581612'),('42607076'),('42688918'),('42691505'),('42702807'),('42723558'),('42744080'),('42758316'),('42759423'),('42782039'),('42818354'),('42831185'),('42841306'),('42860172'),('42860421'),('42891468'),('42907155'),('42956304'),('42984636'),('43013039'),('43016816'),('43021140'),('43045996'),('43086195'),('43110059'),('43120265'),('43167845'),('43180928'),('43190189'),('43203748'),('43222012'),('43309303'),('43364007'),('43366172'),('43405931'),('43438861'),('43441612'),('43448713'),('43452467'),('43453094'),('43523858'),('43550078'),('43562258'),('43574274'),('43587232'),('43620830'),('43651921'),('43668400'),('43683344'),('43690866'),('43691100'),('43707091'),('43756060'),('43785859'),('43804933'),('43814630'),('43817978'),('43831719'),('43835988'),('43838582'),('43889237'),('43950877'),('43958549'),('43959343'),('43980618'),('44019592'),('44029943'),('44120847'),('44134915'),('44160500'),('44178146'),('44178463'),('44231502'),('44330342'),('44335620'),('44342499'),('44353861'),('44357934'),('44360191'),('44401421'),('44434636'),('44459866'),('44474453'),('44484561'),('44542568'),('44554967'),('44577868'),('44599627'),('44665190'),('44671251'),('44691613'),('44749340'),('44759135'),('44792609'),('44841911'),('44860780'),('44866230'),('44877120'),('44883270'),('44883669'),('44893077'),('44910273'),('44910336'),('44914349'),('44918348'),('44975350'),('44981501'),('45010987'),('45014244'),('45025435'),('45026387'),('45114343'),('45127615'),('45143877'),('45144304'),('45150102'),('45164735'),('45206655'),('45232448'),('45241620'),('45257937'),('45277259'),('45303298'),('45309098'),('45349812'),('45406801'),('45413288'),('45418127'),('45440721'),('45442357'),('45452551'),('45461407'),('45466295'),('45474460'),('45480551'),('45512550'),('45552335'),('45553594'),('45553741'),('45555249'),('45617764'),('45644859'),('45657993'),('45660467'),('45664946'),('45682450'),('45694674'),('45711660'),('45715510'),('45726163'),('45736979'),('45750205'),('45754518'),('45760743'),('45770126'),('45772494'),('45772716'),('45776066'),('45782764'),('45810014'),('45818718'),('45824805'),('45829712'),('45831764'),('45847289'),('45851589'),('45862803'),('45887387'),('46017970'),('46030310'),('46035133'),('46048638'),('46057448'),('46059206'),('46084138'),('46084754'),('46091006'),('46098620'),('46120495'),('46126371'),('46128020'),('46161113'),('46166262'),('46177523'),('46187473'),('46190375'),('46195235'),('46198762'),('46228070'),('46233372'),('46243132'),('46272051'),('46297494'),('46320718'),('46345181'),('46383376'),('46389127'),('46393243'),('46395366'),('46409286'),('46413619'),('46417106'),('46419705'),('46471295'),('46508996'),('46513405'),('46557984'),('46596235'),('46601578'),('46607710'),('46622004'),('46643488'),('46649001'),('46661055'),('46665966'),('46671186'),('46673921'),('46679396'),('46680027'),('46682876'),('46686468'),('46722939'),('46723244'),('46725217'),('46726348'),('46735800'),('46739386'),('46750013'),('46754410'),('46760153'),('46767935'),('46770351'),('46773541'),('46789232'),('46794602'),('46797217'),('46797285'),('46799767'),('46800485'),('46826019'),('46837899'),('46851452'),('46872700'),('46873654'),('46878381'),('46887208'),('46900045'),('46902527'),('46920199'),('46936597'),('46944886'),('46994861'),('47007257'),('47020806'),('47035682'),('47036223'),('47040312'),('47056444'),('47062767'),('47067848'),('47069277'),('47083540'),('47084296'),('47084619'),('47087964'),('47095662'),('47105609'),('47116113'),('47119544'),('47126177'),('47139010'),('47140054'),('47149488'),('47149644'),('47150189'),('47152962'),('47159871'),('47160214'),('47160651'),('47160910'),('47164023'),('47165154'),('47167031'),('47169631'),('47174103'),('47182985'),('47190357'),('47191564'),('47196603'),('47197265'),('47202655'),('47207553'),('47211369'),('47219488'),('47230293'),('47235832'),('47236196'),('47244033'),('47246168'),('47259081'),('47275480'),('47299275'),('47302296'),('47302964'),('47305679'),('47327655'),('47381919'),('47386442'),('47386540'),('47389455'),('47399650'),('47412353'),('47426575'),('47429241'),('47430806'),('47433801'),('47448567'),('47473265'),('47474830'),('47477745'),('47481561'),('47493387'),('47494603'),('47496779'),('47508364'),('47512625'),('47513500'),('47529855'),('47532561'),('47534326'),('47534690'),('47539018'),('47539217'),('47543386'),('47544945'),('47555743'),('47557636'),('47557666'),('47559366'),('47562302'),('47567241'),('47585192'),('47586440'),('47602757'),('47608962'),('47609909'),('47616874'),('47636058'),('47638906'),('47654012'),('47655082'),('47655154'),('47658319'),('47669115'),('47672392'),('47672909'),('47680235'),('47685555'),('47703022'),('47704658'),('47706629'),('47716252'),('47735610'),('47737800'),('47748905'),('47778471'),('47782903'),('47793234'),('47830090'),('47831193'),('47834389'),('47835921'),('47852522'),('47857272'),('47864411'),('47865200'),('47875606'),('47877394'),('47888051'),('47889609'),('47889910'),('47898638'),('47900075'),('47905320'),('47911378'),('47921928'),('47936157'),('47954877'),('47983321'),('47991184'),('47995912'),('47996111'),('48007112'),('48015167'),('48018099'),('48022120'),('48024593'),('48030485'),('48034379'),('48053087'),('48053632'),('48057913'),('48060334'),('48062049'),('48065155'),('48070249'),('48077344'),('48081062'),('48083580'),('48090792'),('48099749'),('48106946'),('48109538'),('48114835'),('48121021'),('48124738'),('48136995'),('48147812'),('48148352'),('48148448'),('48159426'),('48162674'),('48163269'),('48167645'),('48187435'),('48189053'),('48198327'),('48198463'),('48201111'),('48209371'),('48216674'),('48229056'),('48242044'),('48249793'),('48250821'),('48271509'),('48272713'),('48287153'),('48296430'),('48297241'),('48316128'),('48316974'),('48321092'),('48321162'),('48331317'),('48331962'),('48337661'),('48338357'),('48344967'),('48345840'),('48355373'),('48355646'),('48357418'),('48359919'),('48362804'),('48373321'),('48384238'),('48384311'),('48392865'),('48403564'),('48411720'),('48413320'),('48416139'),('48420016'),('48420213'),('48426197'),('48429093'),('48437443'),('48447114'),('48447405'),('48452110'),('48453138'),('48453858'),('48459376'),('48463556'),('48465615'),('48466379'),('48472741'),('48473975'),('48487917'),('48487958'),('48494262'),('48512580'),('48516238'),('48517975'),('48521166'),('48538133'),('48541311'),('48575144'),('48583996'),('48587033'),('48609126'),('48627687'),('48634424'),('48634750'),('48659244'),('48665686'),('48686318'),('48689179'),('48692274'),('48694359'),('48702118'),('48734618'),('48766493'),('48792635'),('48796416'),('48805150'),('48807173'),('48810180'),('48813662'),('48836657'),('48840821'),('48849948'),('48870825'),('48939997'),('48965053'),('48983894'),('49030525'),('60000278'),('60001801'),('60004097'),('60008649'),('60008876'),('60010506'),('60018302'),('60024379'),('60026094'),('60029362'),('60031916'),('60032212'),('60048100'),('60054021'),('60060605'),('60066871'),('60075806'),('60078160'),('60082929'),('60083850'),('60089710'),('60099929'),('60100535'),('60188796'),('60193984'),('60225123'),('60227294'),('60245977'),('60246306'),('60251283'),('60257367'),('60360566'),('60388570'),('60389575'),('60409056'),('60409826'),('60410705'),('60411210'),('60415163'),('60417655'),('60417998'),('60418557'),('60418573'),('60420597'),('60421131'),('60422725'),('60423692'),('60423793'),('60424285'),('60424918'),('60425128'),('60427059'),('60427850'),('60429062'),('60429145'),('60429551'),('60429686'),('60430022'),('60431590'),('60438690'),('60440901'),('60442872'),('60444081'),('60449496'),('60450479'),('60454659'),('60455228'),('60471784'),('60471832'),('60497255'),('60510836'),('60525640'),('60536461'),('60541672'),('60548970'),('60549395'),('60559884'),('60573004'),('60573484'),('60573724'),('60574124'),('60574836'),('60580529'),('60602010'),('60633787'),('60651562'),('60651767'),('60651869'),('60660183'),('60697707'),('60699380'),('60702657'),('60730079'),('60730321'),('60731062'),('60733132'),('60734994'),('60735040'),('60736086'),('60736247'),('60736371'),('60736700'),('60737044'),('60737719'),('60739587'),('60739971'),('60741396'),('60743639'),('60744773'),('60745236'),('60747086'),('60747365'),('60747663'),('60747754'),('60748331'),('60748833'),('60749271'),('60749412'),('60749441'),('60749481'),('60749892'),('60749906'),('60749963'),('60750944'),('60751043'),('60751212'),('60751279'),('60754421'),('60754912'),('60754970'),('60755182'),('60755323'),('60755377'),('60755394'),('60755500'),('60756303'),('60756592'),('60758388'),('60759542'),('60759631'),('60761143'),('60761519'),('60761631'),('60762611'),('60762874'),('60763064'),('60763080'),('60763256'),('60765013'),('60765323'),('60766769'),('60766866'),('60767282'),('60767535'),('60768058'),('60768356'),('60769093'),('60769095'),('60770863'),('60771698'),('60771920'),('60772161'),('60772168'),('60772170'),('60772318'),('60772857'),('60772866'),('60772949'),('60772982'),('60773080'),('60773624'),('60773894'),('60775141'),('60776544'),('60776688'),('60777368'),('60777740'),('60780297'),('60780598'),('60780963'),('60781060'),('60781194'),('60781399'),('60781896'),('60785218'),('60785339'),('60785501'),('60785609'),('60785660'),('60785789'),('60785913'),('60785935'),('60786408'),('60786417'),('60786419'),('60786440'),('60786448'),('60786489'),('60786499'),('60786713'),('60786737'),('60786748'),('60786753'),('60786815'),('60786860'),('60786899'),('60787154'),('60787199'),('60787398'),('60787685'),('60787710'),('60787798'),('60787862'),('60787888'),('60787891'),('60789344'),('60789484'),('60789912'),('60790700'),('60790799'),('60791383'),('60795983'),('60796404'),('60796606'),('60797014'),('60797101'),('60797104'),('60798448'),('60798565'),('60800718'),('60803192'),('60808425'),('60812033'),('60812462'),('60812925'),('60815032'),('60815073'),('60815229'),('60819188'),('60819375'),('60819403'),('60821755'),('60821979'),('60822640'),('60823426'),('60823451'),('60825167'),('60825198'),('60825846'),('60825954'),('60826204'),('60826387'),('60826657'),('60826775'),('60826796'),('60827333'),('60827401'),('60827500'),('60827581'),('60827940'),('60828172'),('60828232'),('60829638'),('60830209'),('60832609'),('60836407'),('60837100'),('60840685'),('60842161'),('60842792'),('60843404'),('60843528'),('60844471'),('60845859'),('60846947'),('60847242'),('60847299'),('60849053'),('60850925'),('60850999'),('60851019'),('60851153'),('60851323'),('60851396'),('60852338'),('60853155'),('60853278'),('60854297'),('60856009'),('60856106'),('60856861'),('60858188'),('60860067'),('60861746'),('60862419'),('60862548'),('60869659'),('60870571'),('60870871'),('60871613'),('60871620'),('60871982'),('60872409'),('60872428'),('60872798'),('60872823'),('60873331'),('60873698'),('60875633'),('60875869'),('60876030'),('60879035'),('60881279'),('60882058'),('60882370'),('60884214'),('60884346'),('60884437'),('60884475'),('60884813'),('60886366'),('60886471'),('60886761'),('60888148'),('60890567'),('60890841'),('60892453'),('60892521'),('60892663'),('60892769'),('60892973'),('60893017'),('60893689'),('60895695'),('60895855'),('60903291'),('60905962'),('60906191'),('60906433'),('60906602'),('60907795'),('60908394'),('60908715'),('60909014'),('60911810'),('60914025'),('60914223'),('60914353'),('60914632'),('60915771'),('60915954'),('60916213'),('60916449'),('60916510'),('60916948'),('60917655'),('60918062'),('60918550'),('60919236'),('60919277'),('60919523'),('60921306'),('60921757'),('60923442'),('60925408'),('60926746'),('60927598'),('60928632'),('60928853'),('60928983'),('60929450'),('60930911'),('60931701'),('60931987'),('60932076'),('60932079'),('60932809'),('60932889'),('60932905'),('60933012'),('60933166'),('60937351'),('60938245'),('60938450'),('60939194'),('60939262'),('60939425'),('60939618'),('60940019'),('60941122'),('60941322'),('60941383'),('60942085'),('60942635'),('60944835'),('60944981'),('60946897'),('60947134'),('60947178'),('60947631'),('60947814'),('60947864'),('60947988'),('60949591'),('60949637'),('60949754'),('60957800'),('60961058'),('60961348'),('60962220'),('60965117'),('60976063'),('60977399'),('60977676'),('60980059'),('60981340'),('60981744'),('60982321'),('60983158'),('60984946'),('60987690'),('60987750'),('60990109'),('60990376'),('60990453'),('60990490'),('60992593'),('60992740'),('60998039'),('61007757'),('61007854'),('61008289'),('61008673'),('61009063'),('61009106'),('61009115'),('61009116'),('61012035'),('61012246'),('61012365'),('61013696'),('61013814'),('61015983'),('61017342'),('61017419'),('61022601'),('61025518'),('61026124'),('61027055'),('61031545'),('61031817'),('61032521'),('61033006'),('61033613'),('61033758'),('61034218'),('61035244'),('61042511'),('61042732'),('61043048'),('61043259'),('61043691'),('61044371'),('61045395'),('61046683'),('61049766'),('61050967'),('61051582'),('61054348'),('61061534'),('61063212'),('61064039'),('61064228'),('61077957'),('61078043'),('61079711'),('61083691'),('61085900'),('61087775'),('61091074'),('61093117'),('61099055'),('61100056'),('61103202'),('61106075'),('61106638'),('61116923'),('61126626'),('61129745'),('61131130'),('61132149'),('61139295'),('61139300'),('61140322'),('61148013'),('61155306'),('61178627'),('61179297'),('61185965'),('61208823'),('61212224'),('61213444'),('61214019'),('61214782'),('61225447'),('61225448'),('61225984'),('61249990'),('61253175'),('61253691'),('61282884'),('61289526'),('61292084'),('61293745'),('61302074'),('61305164'),('61314407'),('61324513'),('61330463'),('61331133'),('61337346'),('61337585'),('61348484'),('61359354'),('61359415'),('61361538'),('61370598'),('61399788'),('61421434'),('61421605'),('61426969'),('61455119'),('61455242'),('61502144'),('61502264'),('61517114'),('61522974'),('61527281'),('61528226'),('61528239'),('61544947'),('61547595'),('61550260'),('61550623'),('61605872'),('61707794'),('61709972'),('61721522'),('61778705'),('61832723'),('61832731'),('61833733'),('61833944'),('61859433'),('61877833'),('61889281'),('61906551'),('61948629'),('62011085'),('62011452'),('62012332'),('62023576'),('62033232'),('62049661'),('62059386'),('62272581'),('62311921'),('62374376'),('62442787'),('62472209'),('62491536'),('62527079'),('62547816'),('62548290'),('62559387'),('62577896'),('62579909'),('62603608'),('62604922'),('62607552'),('62607555'),('62644081'),('62730691'),('62734165'),('62734889'),('62735255'),('62850025'),('62852345'),('62852580'),('62854873'),('6298647'),('63183359'),('63326712'),('63353483'),('63407528'),('63708254'),('6660559'),('6700891'),('6760594'),('6864400'),('6896525'),('6904552'),('6940191'),('70001861'),('70001962'),('70002914'),('70006038'),('70014244'),('70014472'),('70020741'),('70022655'),('70033156'),('70033167'),('70033278'),('70033311'),('70033375'),('70033832'),('70034522'),('70034965'),('70036660'),('70036693'),('70037589'),('70038157'),('70038909'),('70039207'),('70043164'),('70045080'),('70045169'),('70046569'),('70046715'),('70047888'),('70050912'),('70052526'),('70055109'),('70055920'),('70056517'),('70056556'),('70061636'),('70061807'),('70063311'),('70065139'),('70068283'),('70068734'),('70070534'),('70070949'),('70071477'),('70071572'),('70072080'),('70073472'),('70074000'),('70074763'),('70079538'),('70081833'),('70082599'),('70083919'),('70084325'),('70085207'),('70086909'),('70087783'),('70089505'),('70091399'),('70091412'),('70092850'),('70094124'),('70094125'),('70096891'),('70099802'),('70101216'),('70101820'),('70102202'),('70103010'),('70104693'),('70105529'),('70107490'),('70108035'),('70108079'),('70110100'),('70110242'),('70110461'),('70110631'),('70110770'),('70112299'),('70113115'),('70113779'),('70114239'),('70115809'),('70119204'),('70120148'),('70120805'),('70123140'),('70126654'),('70133255'),('70134902'),('70135812'),('70137364'),('70139524'),('70140470'),('70141373'),('70142431'),('70148007'),('70149543'),('70150510'),('70152571'),('70152684'),('70155947'),('70156114'),('70158435'),('70162147'),('70168345'),('70171661'),('70171667'),('70171741'),('70172492'),('70174993'),('70175002'),('70176377'),('70176406'),('70176429'),('70177381'),('70179382'),('70182585'),('70182622'),('70183298'),('70186526'),('70186536'),('70187830'),('70188428'),('70189552'),('70192391'),('70194697'),('70194911'),('70194950'),('70195290'),('70195309'),('70195888'),('70196958'),('70198411'),('70198640'),('70199169'),('70201983'),('70204145'),('70204157'),('70206682'),('70207375'),('70207400'),('70211000'),('70215618'),('70217766'),('70218506'),('70218725'),('70219849'),('70220023'),('70220764'),('70221173'),('70223475'),('70226357'),('70226446'),('70229516'),('70233511'),('70233591'),('70234337'),('70234880'),('70234923'),('70236456'),('70238811'),('70245582'),('70245630'),('70246982'),('70247831'),('70248377'),('70249573'),('70249581'),('70251699'),('70255372'),('70255916'),('70260758'),('70261540'),('70265463'),('70265482'),('70266192'),('70266476'),('70266551'),('70269440'),('70269660'),('70269902'),('70274609'),('70275057'),('70275754'),('70277114'),('70279392'),('70281061'),('70281176'),('70281347'),('70281430'),('70282605'),('70282937'),('70285946'),('70286089'),('70286154'),('70286447'),('70291088'),('70292289'),('70294024'),('70294371'),('70297811'),('70298679'),('70298680'),('70298684'),('70298801'),('70299071'),('70300368'),('70302188'),('70302992'),('70307608'),('70309059'),('70309119'),('70309685'),('70313974'),('70314572'),('70315390'),('70318340'),('70322019'),('70324800'),('70327382'),('70329610'),('70330387'),('70331275'),('70331327'),('70332146'),('70332342'),('70332521'),('70333499'),('70333821'),('70335808'),('70336750'),('70339407'),('70339697'),('70339704'),('70340953'),('70340978'),('70341939'),('70342436'),('70343811'),('70343835'),('70345701'),('70346166'),('70346181'),('70347419'),('70348496'),('70350548'),('70353770'),('70354315'),('70356227'),('70357629'),('70358524'),('70358947'),('70359061'),('70359207'),('70362036'),('70362430'),('70364313'),('70364465'),('70366060'),('70367376'),('70367389'),('70367642'),('70368835'),('70368954'),('70370022'),('70370901'),('70371638'),('70372504'),('70374712'),('70375648'),('70379032'),('70379129'),('70380105'),('70380351'),('70383163'),('70383826'),('70383892'),('70384149'),('70384612'),('70385447'),('70385571'),('70386058'),('70391197'),('70392014'),('70394238'),('70394458'),('70396997'),('70397326'),('70399298'),('70399454'),('70399984'),('70400116'),('70401285'),('70401746'),('70401920'),('70403029'),('70403424'),('70404431'),('70404441'),('70408027'),('70411263'),('70411912'),('70413077'),('70423331'),('70424461'),('70424489'),('70424752'),('70425408'),('70425458'),('70425671'),('70427167'),('70427949'),('70429118'),('70429746'),('70431960'),('70434638'),('70441114'),('70443729'),('70444098'),('70444934'),('70445559'),('70445710'),('70446162'),('70446346'),('70450218'),('70450644'),('70451281'),('70451754'),('70452704'),('70453782'),('70456749'),('70458659'),('70459700'),('70460366'),('70460526'),('70460816'),('70461088'),('70462186'),('70462238'),('70462783'),('70464055'),('70465920'),('70466853'),('70468791'),('70468800'),('70469010'),('70469858'),('70470723'),('70472453'),('70472461'),('70472463'),('70472797'),('70479860'),('70481818'),('70482199'),('70482431'),('70483072'),('70483073'),('70484160'),('70484286'),('70484580'),('70484741'),('70485198'),('70485343'),('70487531'),('70488586'),('70488780'),('70489841'),('70489891'),('70489987'),('70490047'),('70490648'),('70491283'),('70491529'),('70492285'),('70492329'),('70493662'),('70494134'),('70495294'),('70495692'),('70496599'),('70496737'),('70496950'),('70497614'),('70498763'),('70499035'),('70500530'),('70500653'),('70500663'),('70500956'),('70501561'),('70502119'),('70503397'),('70503500'),('70504159'),('70504282'),('70505751'),('70507223'),('70507712'),('70507734'),('70508698'),('70509741'),('70509801'),('70510737'),('70510805'),('70511038'),('70514429'),('70514584'),('70515085'),('70516077'),('70516205'),('70516809'),('70518593'),('70518749'),('70520252'),('70523506'),('70524894'),('70525834'),('70526707'),('70527047'),('70527437'),('70527495'),('70527507'),('70527946'),('70528125'),('70528480'),('70528711'),('70529212'),('70529860'),('70530030'),('70530313'),('70530443'),('70530861'),('70531492'),('70532266'),('70532593'),('70532871'),('70532889'),('70534329'),('70534596'),('70535422'),('70536514'),('70536564'),('70538138'),('70538152'),('70538286'),('70539018'),('70540140'),('70541314'),('70543155'),('70545239'),('70546073'),('70546964'),('70547740'),('70548401'),('70548686'),('70549422'),('70550161'),('70551902'),('70552220'),('70552453'),('70553419'),('70554413'),('70555338'),('70556298'),('70556576'),('70556581'),('70558144'),('70558595'),('70560840'),('70561317'),('70561869'),('70562228'),('70562396'),('70562767'),('70563054'),('70564417'),('70564653'),('70564672'),('70566507'),('70567755'),('70567773'),('70568606'),('70568681'),('70568689'),('70569353'),('70570159'),('70571347'),('70571573'),('70572562'),('70572724'),('70572968'),('70573755'),('70575733'),('70576720'),('70578580'),('70578899'),('70579701'),('70582772'),('70583536'),('70583639'),('70584002'),('70584097'),('70584794'),('70588559'),('70589742'),('70590237'),('70590917'),('70591180'),('70591288'),('70594351'),('70595093'),('70595911'),('70597233'),('70599596'),('70601584'),('70602052'),('70602953'),('70605396'),('70606605'),('70607014'),('70607276'),('70608123'),('70609765'),('70610397'),('70611410'),('70611512'),('70612006'),('70612247'),('70612797'),('70613730'),('70614704'),('70615942'),('70616611'),('70619445'),('70619635'),('70620369'),('70620722'),('70621541'),('70622554'),('70623321'),('70623494'),('70625645'),('70625794'),('70626810'),('70627779'),('70628283'),('70628982'),('70629333'),('70629640'),('70630075'),('70630139'),('70630769'),('70630893'),('70631047'),('70631735'),('70632253'),('70632509'),('70633079'),('70633202'),('70634875'),('70635207'),('70636211'),('70636490'),('70639100'),('70640039'),('70640470'),('70640869'),('70641068'),('70641556'),('70641587'),('70641832'),('70642067'),('70643668'),('70644747'),('70645102'),('70645652'),('70646243'),('70646783'),('70647678'),('70649192'),('70651261'),('70652312'),('70657860'),('70659786'),('70664213'),('70665010'),('70667171'),('70670150'),('70670324'),('70673194'),('70673431'),('70675852'),('70676795'),('70677302'),('70677912'),('70679335'),('70682381'),('70685058'),('70686372'),('70687128'),('70687476'),('70687815'),('70688181'),('70688822'),('70691623'),('70692685'),('70694104'),('70694585'),('70694616'),('70694962'),('70695835'),('70695899'),('70697307'),('70698509'),('70699526'),('70699563'),('70700268'),('70700338'),('70700971'),('70702577'),('70702640'),('70704076'),('70705507'),('70705619'),('70705725'),('70706665'),('70707054'),('70707342'),('70709268'),('70710147'),('70710150'),('70711182'),('70712681'),('70712728'),('70713202'),('70713948'),('70716461'),('70720530'),('70723875'),('70724140'),('70724447'),('70725062'),('70725069'),('70725565'),('70726740'),('70731756'),('70732738'),('70733433'),('70734462'),('70735483'),('70736398'),('70744883'),('70745263'),('70746803'),('70747395'),('70747787'),('70749940'),('70751347'),('70751772'),('70752324'),('70753115'),('70753913'),('70756522'),('70758696'),('70761149'),('70763050'),('70764231'),('70764500'),('70764709'),('70767239'),('70767456'),('70768699'),('70769051'),('70769336'),('70770038'),('70771009'),('70771546'),('70775543'),('70776079'),('70776432'),('70777258'),('70778229'),('70778692'),('70778703'),('70780393'),('70780427'),('70782451'),('70783016'),('70783020'),('70784701'),('70784714'),('70785988'),('70786267'),('70786802'),('70786997'),('70787828'),('70789239'),('70793982'),('70795829'),('70795973'),('70797038'),('70797417'),('70800481'),('70800670'),('70800889'),('70801086'),('70801554'),('70802099'),('70803124'),('70804009'),('70804474'),('70806196'),('70807295'),('70807539'),('70808378'),('70808750'),('70809118'),('70809225'),('70809746'),('70811753'),('70812368'),('70812875'),('70813500'),('70817831'),('70821116'),('70821300'),('70821462'),('70821813'),('70824852'),('70826602'),('70826730'),('70826731'),('70826744'),('70827345'),('70827347'),('70827372'),('70827818'),('70829227'),('70829296'),('70829476'),('70829489'),('70829516'),('70831088'),('70831256'),('70831268'),('70833484'),('70835083'),('70836126'),('70836146'),('70836630'),('70836634'),('70838502'),('70839484'),('70841230'),('70841437'),('70841714'),('70841792'),('70842006'),('70844662'),('70844684'),('70844773'),('70846479'),('70849546'),('70850128'),('70850852'),('70850889'),('70852164'),('70852334'),('70852389'),('70853160'),('70853290'),('70853713'),('70854516'),('70855575'),('70855630'),('70857292'),('70857303'),('70857489'),('70858350'),('70858775'),('70859998'),('70860072'),('70860283'),('70860285'),('70860822'),('70862283'),('70862543'),('70862802'),('70864435'),('70864571'),('7086620'),('70866882'),('70867259'),('70867298'),('70867323'),('70867434'),('70867443'),('70868828'),('70869994'),('70870298'),('70870942'),('70871029'),('70871862'),('70872063'),('70872991'),('70874197'),('70877726'),('70878058'),('70878349'),('70878648'),('70879309'),('70880454'),('70881070'),('70881090'),('70881568'),('70881688'),('70882141'),('70882298'),('70882561'),('70882566'),('70883571'),('70884764'),('70886231'),('70887603'),('70889613'),('70889616'),('70892429'),('70893589'),('70894315'),('70895049'),('70895808'),('70896443'),('70896541'),('70896555'),('70898175'),('70898679'),('70898939'),('70899584'),('70899693'),('70900291'),('70900825'),('70900826'),('70900847'),('70900940'),('70902175'),('70902634'),('70902655'),('70902708'),('70902729'),('70903582'),('70903592'),('70903734'),('70903798'),('70906414'),('70906415'),('70906589'),('70907163'),('70907268'),('70909073'),('70909338'),('70909844'),('70910408'),('70911638'),('70913600'),('70913741'),('70913857'),('70915302'),('70915492'),('70915760'),('70918042'),('70918402'),('70918413'),('70919036'),('70919043'),('70919609'),('70921753'),('70921763'),('70921968'),('70922403'),('70925525'),('70925561'),('70925656'),('70925708'),('70927994'),('70929614'),('70930506'),('70932728'),('70934461'),('70935532'),('70936287'),('70936524'),('70936527'),('70937319'),('70940571'),('70940572'),('70941201'),('70941415'),('70943290'),('70944654'),('70945208'),('70945280'),('70945292'),('70947651'),('70948147'),('70949418'),('70949505'),('70952181'),('70957883'),('70957960'),('70958698'),('70962941'),('70967004'),('70969128'),('70969571'),('70972213'),('70972359'),('70972873'),('70973711'),('70977029'),('70978800'),('70978877'),('70979385'),('70979722'),('70982129'),('70982456'),('70982534'),('70984967'),('70986084'),('70987393'),('70987882'),('70988536'),('70990224'),('70990245'),('70990568'),('70990572'),('70990599'),('70990621'),('70993222'),('70993348'),('70993542'),('70993601'),('70993774'),('70993869'),('70994371'),('70994778'),('70994873'),('70995514'),('70997058'),('70997530'),('70997653'),('70997721'),('70998006'),('70998698'),('70999325'),('70999603'),('70999683'),('71001032'),('71001169'),('71001191'),('71001451'),('71004696'),('71008487'),('71008870'),('71009441'),('71009643'),('71012016'),('71012299'),('71012979'),('71013170'),('71014468'),('71014655'),('71015442'),('71016455'),('71017307'),('71017654'),('71020513'),('71020533'),('71021074'),('71021121'),('71021134'),('71021556'),('71023053'),('71023599'),('71024335'),('71026651'),('71027241'),('71028638'),('71028687'),('71028752'),('71028843'),('71030181'),('71030215'),('71030230'),('71030261'),('71030301'),('71030437'),('71031737'),('71032636'),('71032645'),('71034037'),('71035715'),('71036248'),('71036914'),('71037345'),('71037793'),('71037833'),('71040127'),('71040624'),('71043575'),('71043658'),('71043670'),('71044812'),('71045822'),('71047793'),('71047827'),('71048002'),('71048521'),('71048760'),('71049592'),('71049602'),('71050432'),('71051977'),('71052601'),('71053538'),('71053729'),('71058251'),('71059787'),('71060555'),('71062316'),('71062507'),('71063269'),('71064581'),('71067352'),('71073857'),('71075148'),('71075450'),('71076755'),('71076922'),('71076985'),('71077696'),('71080157'),('71081906'),('71082838'),('71084307'),('71085069'),('71085075'),('71086856'),('71087534'),('71087997'),('71091219'),('71094385'),('71097790'),('71102007'),('71104029'),('71104288'),('71104447'),('71107671'),('71112003'),('71113349'),('71121137'),('71122857'),('71123221'),('71123589'),('71126586'),('71126601'),('71128802'),('71130394'),('71131967'),('71132843'),('71135527'),('71137375'),('71137623'),('71138781'),('71139494'),('71139668'),('71140326'),('71141117'),('71141527'),('71145237'),('71149511'),('71166195'),('71167531'),('71173255'),('71179427'),('71182384'),('71190635'),('71193686'),('71196794'),('71197040'),('71197991'),('71198195'),('71199210'),('71199292'),('71203150'),('71203999'),('71204077'),('71207235'),('71210086'),('71212167'),('71212973'),('71212980'),('71213352'),('71215991'),('71216872'),('71217146'),('71217319'),('71217552'),('71219193'),('71219704'),('71220183'),('71220363'),('71220371'),('71220789'),('71221160'),('71222461'),('71224456'),('71224495'),('71224774'),('71226532'),('71228320'),('71228780'),('71231152'),('71231683'),('71232788'),('71233042'),('71233825'),('71234431'),('71234503'),('71235552'),('71236973'),('71237285'),('71238813'),('71238835'),('71238912'),('71240425'),('71242446'),('71242692'),('71242777'),('71243541'),('71244423'),('71244810'),('71245346'),('71245442'),('71246089'),('71246685'),('71246751'),('71247510'),('71247511'),('71248189'),('71249073'),('71249442'),('71249960'),('71251438'),('71251612'),('71252223'),('71252682'),('71252751'),('71253229'),('71253908'),('71255055'),('71256560'),('71256995'),('71257355'),('71257686'),('71257700'),('71257722'),('71258246'),('71258709'),('71259262'),('71259855'),('71259974'),('71260437'),('71260438'),('71260527'),('71260832'),('71260913'),('71261038'),('71261503'),('71261553'),('71262337'),('71262500'),('71262511'),('71262879'),('71262913'),('71264069'),('71264112'),('71264980'),('71265036'),('71265149'),('71265160'),('71265820'),('71265867'),('71265915'),('71266258'),('71266738'),('71268006'),('71268222'),('71270920'),('71271179'),('71271282'),('71271554'),('71271619'),('71272572'),('71273079'),('71273297'),('71273422'),('71274412'),('71274505'),('71275351'),('71275726'),('71279075'),('71280262'),('71281392'),('71282841'),('71283539'),('71284633'),('71284664'),('71284674'),('71284696'),('71284785'),('71284789'),('71285128'),('71286610'),('71287126'),('71287356'),('71287463'),('71287475'),('71288754'),('71290184'),('71291173'),('71292277'),('71294982'),('71296065'),('71296117'),('71296154'),('71297021'),('71298121'),('71298659'),('71298904'),('71299203'),('71299769'),('71300096'),('71300725'),('71301683'),('71304549'),('71305138'),('71305477'),('71307545'),('71307576'),('71307634'),('71307637'),('71308586'),('71311033'),('71311866'),('71311904'),('71313739'),('71314287'),('71316471'),('71318213'),('71318400'),('71318967'),('71319204'),('71319602'),('71319714'),('71322318'),('71324991'),('71326339'),('71327013'),('71327215'),('71329406'),('71330276'),('71331189'),('71332175'),('71332253'),('71332898'),('71333756'),('71334819'),('71335858'),('71336211'),('71336301'),('71336934'),('71337220'),('71337269'),('71337380'),('71337389'),('71337490'),('71337522'),('71337658'),('71337783'),('71337973'),('71338131'),('71338146'),('71340731'),('71341935'),('71341941'),('71342034'),('71342507'),('71342918'),('71342954'),('71343016'),('71343948'),('71344020'),('71344143'),('71344228'),('71345503'),('71346215'),('71346604'),('71347010'),('71347500'),('71350654'),('71351500'),('71351845'),('71353465'),('71362411'),('71373510'),('71374518'),('71374549'),('71376386'),('71377186'),('71378365'),('71380379'),('71380610'),('71381208'),('71381509'),('71381622'),('71381628'),('71386048'),('71386169'),('71386429'),('71390707'),('71393911'),('71394989'),('71395018'),('71395044'),('71395226'),('71395234'),('71395297'),('71395371'),('71395602'),('71395712'),('71395927'),('71396511'),('71396555'),('71397177'),('71397216'),('71397242'),('71397393'),('71401013'),('71401188'),('71402558'),('71402657'),('71402948'),('71403072'),('71403398'),('71404067'),('71404507'),('71404590'),('71404603'),('71404682'),('71404761'),('71404899'),('71404994'),('71405635'),('71406220'),('71406843'),('71406871'),('71407068'),('71407959'),('71407997'),('71408017'),('71408033'),('71408124'),('71409669'),('71413013'),('71413313'),('71413314'),('71414563'),('71414939'),('71417121'),('71417587'),('71417671'),('71417851'),('71418462'),('71418570'),('71418725'),('71418748'),('71418889'),('71419180'),('71419190'),('71419214'),('71419404'),('71420542'),('71423158'),('71424535'),('71424538'),('71424646'),('71424659'),('71425241'),('71425341'),('71425666'),('71425806'),('71426013'),('71426024'),('71426035'),('71426145'),('71427446'),('71427711'),('71427712'),('71428518'),('71428632'),('71428785'),('71429259'),('71429278'),('71430718'),('71432775'),('71432882'),('71432916'),('71434427'),('71434593'),('71434911'),('71434915'),('71434928'),('71436412'),('71436583'),('71440089'),('71441413'),('71441638'),('71443771'),('71443813'),('71444075'),('71444444'),('71446362'),('71446368'),('71446382'),('71446513'),('71446569'),('71446607'),('71446770'),('71447074'),('71447552'),('71448171'),('71449469'),('71449632'),('71451138'),('71451140'),('71451509'),('71452097'),('71452355'),('71452505'),('71452538'),('71454714'),('71454725'),('71454796'),('71454802'),('71454902'),('71454914'),('71455175'),('71455213'),('71455220'),('71455396'),('71455400'),('71455546'),('71455973'),('71455985'),('71456492'),('71458250'),('71458254'),('71458386'),('71458572'),('71459084'),('71459088'),('71460100'),('71460399'),('71460477'),('71460594'),('71460641'),('71461214'),('71461422'),('71461556'),('71462645'),('71462668'),('71463006'),('71463591'),('71463793'),('71463976'),('71464041'),('71464054'),('71466013'),('71466231'),('71466360'),('71466994'),('71467056'),('71467878'),('71468456'),('71469035'),('71470074'),('71471808'),('71472123'),('71472389'),('71472417'),('71473701'),('71474243'),('71474419'),('71474458'),('71476758'),('71476910'),('71477140'),('71477809'),('71478328'),('71478460'),('71478461'),('71479340'),('71481845'),('71482587'),('71482727'),('71482783'),('71483642'),('71483721'),('71484712'),('71484713'),('71484856'),('71484868'),('71484874'),('71485435'),('71485678'),('71485707'),('71485961'),('71486732'),('71486740'),('71487066'),('71487197'),('71488397'),('71488589'),('71488760'),('71489937'),('71490477'),('71490516'),('71490547'),('71491006'),('71491060'),('71491341'),('71492241'),('71494547'),('71495627'),('71495630'),('71495664'),('71496637'),('71497436'),('71497644'),('71497646'),('71497872'),('71498177'),('71498996'),('71499436'),('71499667'),('71500967'),('71502937'),('71504267'),('71509029'),('71509660'),('71514799'),('71515065'),('71517069'),('71517317'),('71518608'),('71519043'),('71520311'),('71520322'),('71520384'),('71520412'),('71521212'),('71521393'),('71521705'),('71521721'),('71521765'),('71521815'),('71522977'),('71523021'),('71523142'),('71523343'),('71523389'),('71523853'),('71524687'),('71525058'),('71526067'),('71526254'),('71528141'),('71528505'),('71530896'),('71531910'),('71531911'),('71534035'),('71534876'),('71535291'),('71535597'),('71535678'),('71535781'),('71537742'),('71537876'),('71538288'),('71538294'),('71539279'),('71539335'),('71541931'),('71542187'),('71542746'),('71543558'),('71543814'),('71544855'),('71544952'),('71545285'),('71545565'),('71545625'),('71548178'),('71550778'),('71553044'),('71554536'),('71554537'),('71555013'),('71555251'),('71556045'),('71559283'),('71560079'),('71560117'),('71561186'),('71561206'),('71561321'),('71561905'),('71562292'),('71562524'),('71563084'),('71565687'),('71569677'),('71571218'),('71574217'),('7157434'),('71575644'),('71575726'),('71576063'),('71576269'),('71576728'),('71579700'),('71581814'),('71583895'),('71584850'),('71587430'),('71587431'),('71589928'),('71590147'),('71590447'),('71594242'),('71594422'),('71594774'),('71597464'),('71598870'),('71598880'),('71598915'),('71598920'),('71599002'),('71599265'),('71601948'),('71605537'),('71605850'),('71607037'),('71608004'),('71608832'),('71608886'),('71609277'),('71611441'),('71611498'),('71612655'),('71616694'),('71616836'),('71616860'),('71616934'),('71617682'),('71618577'),('71618737'),('71619033'),('71619038'),('71619043'),('71619109'),('71621397'),('71621403'),('71624878'),('71625177'),('71625513'),('71627355'),('71628189'),('71632302'),('71632603'),('71634252'),('71635318'),('71635472'),('71637384'),('71637686'),('71637839'),('71642442'),('71644872'),('71644999'),('71645108'),('71648807'),('71648873'),('71649721'),('71653209'),('71653430'),('71653774'),('71653908'),('71655529'),('71655828'),('71657245'),('71657277'),('71658107'),('71660766'),('71660861'),('71662813'),('71663271'),('71666584'),('71666641'),('71666763'),('71666805'),('71681223'),('71681932'),('71684224'),('71685576'),('71693366'),('71693460'),('71693600'),('71693894'),('71694102'),('71695774'),('71696215'),('71696220'),('71696451'),('71696761'),('71696767'),('71696907'),('71697753'),('71698081'),('71701274'),('71701415'),('71701756'),('71701904'),('71702040'),('71702045'),('71703364'),('71704839'),('71704842'),('71705085'),('71705280'),('71705633'),('71706172'),('71706538'),('71706994'),('71707697'),('71708756'),('71709995'),('71710225'),('71710641'),('71711239'),('71711632'),('71712269'),('71713943'),('71714618'),('71714924'),('71715228'),('71715236'),('71715632'),('71716976'),('71717428'),('71717558'),('71718772'),('71721383'),('71721535'),('71721626'),('71722140'),('71722294'),('71722573'),('71727022'),('71727124'),('71728605'),('71729970'),('71730226'),('71731851'),('71732258'),('71733017'),('71733286'),('71733358'),('71736973'),('71737191'),('71737358'),('71737475'),('71737878'),('71740872'),('71741505'),('71741623'),('71743814'),('71744356'),('71745341'),('71745803'),('71746728'),('71747153'),('71747423'),('71747491'),('71747543'),('71749809'),('71751987'),('71755392'),('71755878'),('71756263'),('71757001'),('71757238'),('71759702'),('71759743'),('71761760'),('71762379'),('71762380'),('71765804'),('71766055'),('71768177'),('71769156'),('71769450'),('71772739'),('71773076'),('71774919'),('71775308'),('71775399'),('71775850'),('71776150'),('71780837'),('71782035'),('71782610'),('71782640'),('71784634'),('71786228'),('71787833'),('71787842'),('71787868'),('71788011'),('71788343'),('71789858'),('71789859'),('71790478'),('71792189'),('71793522'),('71793530'),('71793555'),('71799249'),('71799484'),('71799781'),('71802499'),('71803889'),('71804286'),('71806864'),('71806894'),('71807037'),('71810683'),('71813893'),('71813984'),('71814284'),('71814628'),('71814797'),('71814817'),('71814962'),('71818165'),('71819027'),('71819751'),('71819926'),('71820054'),('71821605'),('71821618'),('71831071'),('71833679'),('71834351'),('71834363'),('71834687'),('71834913'),('71835007'),('71835079'),('71835405'),('71835760'),('71837470'),('71838027'),('71838688'),('71838752'),('71838801'),('71842060'),('71842062'),('71844651'),('71844889'),('71848137'),('71850002'),('71850014'),('71850019'),('71850246'),('71850451'),('71850471'),('71850826'),('71851532'),('71851606'),('71851959'),('71854786'),('71857573'),('71858041'),('71858752'),('71860283'),('71860432'),('71860743'),('71861649'),('71862294'),('71865651'),('71868645'),('71869310'),('71869357'),('71869374'),('71872363'),('71874443'),('71874682'),('71875864'),('71877965'),('71878147'),('71878978'),('71879856'),('71880138'),('71883799'),('71888757'),('71889174'),('71889657'),('71889796'),('71892871'),('71893898'),('71894016'),('71894199'),('71894219'),('71894276'),('71894465'),('71900361'),('71900368'),('71900419'),('71900776'),('71900800'),('71901297'),('71902104'),('71903110'),('71903269'),('71903322'),('71903385'),('71905371'),('71906795'),('71908452'),('71908456'),('71908482'),('71910405'),('71914092'),('71914580'),('71917022'),('71917065'),('71917066'),('71917070'),('71917083'),('71917492'),('71917805'),('71917816'),('71917876'),('71918119'),('71918223'),('71918234'),('71918500'),('71918528'),('71919035'),('71919553'),('71919761'),('71921340'),('71922259'),('71923310'),('71926902'),('71927141'),('71927270'),('71927411'),('71927546'),('71927568'),('71927657'),('71927845'),('71928606'),('71932223'),('71932870'),('71932884'),('71933649'),('71934200'),('71934945'),('71935471'),('71936813'),('71936884'),('71936907'),('71937747'),('71937810'),('71939787'),('71942855'),('71942872'),('71942952'),('71943070'),('71948222'),('71949284'),('71950382'),('71956168'),('71956302'),('71956362'),('71956468'),('71956538'),('71956898'),('71957091'),('71957122'),('71959092'),('71959280'),('71959482'),('71959590'),('71960006'),('71960080'),('71960778'),('71962171'),('71962309'),('71962364'),('71962418'),('71962869'),('71962932'),('71962946'),('71965411'),('71966397'),('71966701'),('71966759'),('71969595'),('71969921'),('71969922'),('71970570'),('71971652'),('71972460'),('71972491'),('71972600'),('71972719'),('71972773'),('71974757'),('71975657'),('71975658'),('71975659'),('71979986'),('71980100'),('71981631'),('71982459'),('71982575'),('71983032'),('71983428'),('71986468'),('71986503'),('71989504'),('71989634'),('71992704'),('71992767'),('71993624'),('71993874'),('71993928'),('71995114'),('71995203'),('71995249'),('71995870'),('71996239'),('71996562'),('71996993'),('71997694'),('71997965'),('71997994'),('72001374'),('72001500'),('72002074'),('72004679'),('72005876'),('72006057'),('72006116'),('72006132'),('72006263'),('72010621'),('72010622'),('72010980'),('72012060'),('72012088'),('72012190'),('72012249'),('72012600'),('72012687'),('72014068'),('72014092'),('72015376'),('72015640'),('72016357'),('72016802'),('72016823'),('72016893'),('72017022'),('72019317'),('72019542'),('72019762'),('72019990'),('72020089'),('72020112'),('72020192'),('72020643'),('72020805'),('72021285'),('72021286'),('72022067'),('72022114'),('72022217'),('72022400'),('72024390'),('72025680'),('72025772'),('72026850'),('72027104'),('72030036'),('72030216'),('72030843'),('72030903'),('72031119'),('72031185'),('72031198'),('72031366'),('72031958'),('72032824'),('72032874'),('72034597'),('72035517'),('72038826'),('72039250'),('72039443'),('72040910'),('72041009'),('72041183'),('72041187'),('72041196'),('72041329'),('72041389'),('72041643'),('72041693'),('72041743'),('72041770'),('72042030'),('72042939'),('72043638'),('72043639'),('72045284'),('72047119'),('72047122'),('72047559'),('72048157'),('72048379'),('72049207'),('72049356'),('72049754'),('72050339'),('72050387'),('72050622'),('72050634'),('72051727'),('72053343'),('72060629'),('72061376'),('72065254'),('72066324'),('72071844'),('72072959'),('72074480'),('72074716'),('72074969'),('72075077'),('72077026'),('72077821'),('72078311'),('72078638'),('72078641'),('72078677'),('72078682'),('72078726'),('72078803'),('72078846'),('72078861'),('72081830'),('72081970'),('72084214'),('72084930'),('72085392'),('72089253'),('72089581'),('72091466'),('72094643'),('72099025'),('72099521'),('72101888'),('72102924'),('72103683'),('72103762'),('72106499'),('72107497'),('72107670'),('72110141'),('72110801'),('72111539'),('72111708'),('72111914'),('72111953'),('72112239'),('72113623'),('72113958'),('72113973'),('72115611'),('72115651'),('72115690'),('72115807'),('72116760'),('72119269'),('72119836'),('72119973'),('72120039'),('72120094'),('72123383'),('72125654'),('72125690'),('72126407'),('72126629'),('72126743'),('72126829'),('72126847'),('72127176'),('72128397'),('72129037'),('72129053'),('72132331'),('72133045'),('72134240'),('72134596'),('72134907'),('72135043'),('72137282'),('72137763'),('72138554'),('72138592'),('72140323'),('72144609'),('72144626'),('72144966'),('72145686'),('72145701'),('72145741'),('72145807'),('72147814'),('72147977'),('72151561'),('72151953'),('72151997'),('72152003'),('72152238'),('72152266'),('72152468'),('72152598'),('72153083'),('72153963'),('72154167'),('72154501'),('72154510'),('72154512'),('72154525'),('72156860'),('72157116'),('72157992'),('72158525'),('72158673'),('72160568'),('72161068'),('72161369'),('72161420'),('72161564'),('72163981'),('72164307'),('72164492'),('72164904'),('72165935'),('72166550'),('72168247'),('72168344'),('72168673'),('72169889'),('72170004'),('72170012'),('72170174'),('72170617'),('72171371'),('72172477'),('72173410'),('72173617'),('72174331'),('72174734'),('72175260'),('72175376'),('72176833'),('72176974'),('72177898'),('72178305'),('72178484'),('72180424'),('72181407'),('72181944'),('72181970'),('72182399'),('72182801'),('72182808'),('72182973'),('72183036'),('72183453'),('72183551'),('72183568'),('72183694'),('72183763'),('72184798'),('72184964'),('72185344'),('72185359'),('72185621'),('72185853'),('72185985'),('72186096'),('72186128'),('72186144'),('72186147'),('72186244'),('72187219'),('72187845'),('72187904'),('72188141'),('72188195'),('72188428'),('72188509'),('72188649'),('72188970'),('72190310'),('72190939'),('72191309'),('72191455'),('72191995'),('72192879'),('72192930'),('72193594'),('72193610'),('72193673'),('72193683'),('72194020'),('72194281'),('72194395'),('72194915'),('72195318'),('72196148'),('72196192'),('72196297'),('72196430'),('72196604'),('72197266'),('72199696'),('72199720'),('72199748'),('72199758'),('72199813'),('72200352'),('72200375'),('72200383'),('72200431'),('72200830'),('72200948'),('72200981'),('72201000'),('72201140'),('72201259'),('72201886'),('72202099'),('72202100'),('72202492'),('72203402'),('72203694'),('72203818'),('72204000'),('72204388'),('72205601'),('72206831'),('72206930'),('72207072'),('72207553'),('72207963'),('72208250'),('72208739'),('72209115'),('72209125'),('72209168'),('72209356'),('72210119'),('72210730'),('72211805'),('72213799'),('72213873'),('72214201'),('72214246'),('72214366'),('72214996'),('72215007'),('72215014'),('72215198'),('72215346'),('72215413'),('72215531'),('72216302'),('72216645'),('72216782'),('72217327'),('72217499'),('72217629'),('72217731'),('72217803'),('72218101'),('72218207'),('72218625'),('72219097'),('72219124'),('72219132'),('72219278'),('72220070'),('72220768'),('72221452'),('72222870'),('72223886'),('72223962'),('72224121'),('72224148'),('72224210'),('72224353'),('72224465'),('72224509'),('72224572'),('72225401'),('72225864'),('72226270'),('72226550'),('72227109'),('72227138'),('72227218'),('72227379'),('72227869'),('72228465'),('72228854'),('72229148'),('72229382'),('72229414'),('72229437'),('72230752'),('72231483'),('72231602'),('72231897'),('72231958'),('72232262'),('72234760'),('72235766'),('72235769'),('72237185'),('72237298'),('72237740'),('72237922'),('72238039'),('72238080'),('72238779'),('72239165'),('72239195'),('72239371'),('72239757'),('72240107'),('72242560'),('72242826'),('72243891'),('72245489'),('72245978'),('72246089'),('72247414'),('72247446'),('72247572'),('72247871'),('72248806'),('72251427'),('72251490'),('72251544'),('72251631'),('72251815'),('72252545'),('72254000'),('72254100'),('72255240'),('72255247'),('72257107'),('72257459'),('72257828'),('72258690'),('72260366'),('72260734'),('72260828'),('72260858'),('72260947'),('72261080'),('72261275'),('72261331'),('72261385'),('72264468'),('72266390'),('72266649'),('72269236'),('72271512'),('72274466'),('72274665'),('72278413'),('72279121'),('72280720'),('72281294'),('72282897'),('72284441'),('72284492'),('72284590'),('72286958'),('72287372'),('72287523'),('72289118'),('72289181'),('72289311'),('72289588'),('72289733'),('72292003'),('72292890'),('72294082'),('72294572'),('72294600'),('72294767'),('72296949'),('72298996'),('72299384'),('72299497'),('72299499'),('72299864'),('72302511'),('72302913'),('72305538'),('72305544'),('72305724'),('72306106'),('72306521'),('72309750'),('72310343'),('72310398'),('72310526'),('72310764'),('72310789'),('72310899'),('72311129'),('72311219'),('72312685'),('72312818'),('72314216'),('72314254'),('72314255'),('72314993'),('72316175'),('72316372'),('72316577'),('72316627'),('72316774'),('72317056'),('72317148'),('72317431'),('72318647'),('72319308'),('72319333'),('72319763'),('72320068'),('72321107'),('72321253'),('72321296'),('72321303'),('72322988'),('72323053'),('72324943'),('72325603'),('72325708'),('72325769'),('72326065'),('72326306'),('72327178'),('72327809'),('72328438'),('72328486'),('72328509'),('72328745'),('72328797'),('72328912'),('72329366'),('72331172'),('72333883'),('72337873'),('72347450'),('72347982'),('72348045'),('72348198'),('72350697'),('72351338'),('72352101'),('72352753'),('72352954'),('72353258'),('72353384'),('72353538'),('72353664'),('72353666'),('72354794'),('72354976'),('72355114'),('72355480'),('72355651'),('72355777'),('72355795'),('72357363'),('72359851'),('72359985'),('72360115'),('72361420'),('72361723'),('72362182'),('72364031'),('72364055'),('72364082'),('72364250'),('72364574'),('72365268'),('72365335'),('72366615'),('72367169'),('72368007'),('72369729'),('72370278'),('72370288'),('72370396'),('72373191'),('72374117'),('72374207'),('72374343'),('72374881'),('72376604'),('72378232'),('72378335'),('72378866'),('72379301'),('72379382'),('72379467'),('72379652'),('72380628'),('72380710'),('72380741'),('72381306'),('72381843'),('72383939'),('72387319'),('72387380'),('72387609'),('72387981'),('72388136'),('72389990'),('72391303'),('72391678'),('72391835'),('72392361'),('72392644'),('72393551'),('72394007'),('72394100'),('72394177'),('72394473'),('72394504'),('72394616'),('72394702'),('72394758'),('72394834'),('72394960'),('72395530'),('72396274'),('72397457'),('72397846'),('72398364'),('72398599'),('72399742'),('72399782'),('72403000'),('72403031'),('72403065'),('72403075'),('72403104'),('72404210'),('72404372'),('72404566'),('72405329'),('72405935'),('72406475'),('72406767'),('72407350'),('72407787'),('72407978'),('72407983'),('72408879'),('72409943'),('72410097'),('72410493'),('72410544'),('72410841'),('72411432'),('72411486'),('72411576'),('72413776'),('72414041'),('72414624'),('72415363'),('72415569'),('72417573'),('72417902'),('72418002'),('72418011'),('72418160'),('72418167'),('72418168'),('72419040'),('72420930'),('72420939'),('72421104'),('72421115'),('72421375'),('72421408'),('72421471'),('72422759'),('72422823'),('72422911'),('72423069'),('72423577'),('72423801'),('72424391'),('72424630'),('72426129'),('72427979'),('72428189'),('72428224'),('72429269'),('72429865'),('72430003'),('72430674'),('72430696'),('72430756'),('72431119'),('72431187'),('72431198'),('72431271'),('72431335'),('72432848'),('72433228'),('72435396'),('72435743'),('72435921'),('72435922'),('72436090'),('72436190'),('72436472'),('72436571'),('72437116'),('72437695'),('72438267'),('72439150'),('72439453'),('72439476'),('72439494'),('72439641'),('72440330'),('72440363'),('72440445'),('72440515'),('72440518'),('72440549'),('72440782'),('72441525'),('72443331'),('72444279'),('72445614'),('72445823'),('72445922'),('72446296'),('72447429'),('72447626'),('72447990'),('72448354'),('72449984'),('72450248'),('72450498'),('72450614'),('72451375'),('72451926'),('72452076'),('72452089'),('72452107'),('72452553'),('72454328'),('72454618'),('72455371'),('72455789'),('72456054'),('72456127'),('72456238'),('72458641'),('72458800'),('72458897'),('72458901'),('72459029'),('72459169'),('72459225'),('72459707'),('72460402'),('72460533'),('72461187'),('72461227'),('72461438'),('72462246'),('72463508'),('72465949'),('72466145'),('72466793'),('72467497'),('72467658'),('72468141'),('72468230'),('72470909'),('72471155'),('72471156'),('72471613'),('72471946'),('72472020'),('72472089'),('72472683'),('72474126'),('72474307'),('72474606'),('72476518'),('72476929'),('72477002'),('72477012'),('72477087'),('72477529'),('72477560'),('72477736'),('72478984'),('72479393'),('72480684'),('72480834'),('72480860'),('72483242'),('72483604'),('72483662'),('72484122'),('72484745'),('72484944'),('72485773'),('72487383'),('72487545'),('72488221'),('72488319'),('72488325'),('72488460'),('72488462'),('72488983'),('72489442'),('72490435'),('72490691'),('72491404'),('72491577'),('72491670'),('72491728'),('72491783'),('72491941'),('72493189'),('72493261'),('72493416'),('72493710'),('72493814'),('72494470'),('72495099'),('72495732'),('72496019'),('72496963'),('72497205'),('72497524'),('72497663'),('72497786'),('72497848'),('72498149'),('72498662'),('72499193'),('72499335'),('72499767'),('72499903'),('72500011'),('72500775'),('72500965'),('72501428'),('72501681'),('72503104'),('72503514'),('72503727'),('72503822'),('72503890'),('72504308'),('72505221'),('72505808'),('72505844'),('72506172'),('72506175'),('72506364'),('72506365'),('72507040'),('72508181'),('72508465'),('72508583'),('72508623'),('72508710'),('72508817'),('72509125'),('72511777'),('72511818'),('72511934'),('72511986'),('72512658'),('72513875'),('72514528'),('72514726'),('72514972'),('72515554'),('72516682'),('72517532'),('72517573'),('72517685'),('72519472'),('72519824'),('72521548'),('72524457'),('72525510'),('72525671'),('72526007'),('72526116'),('72526138'),('72526152'),('72526159'),('72526703'),('72526715'),('72526726'),('72526834'),('72526890'),('72526943'),('72527861'),('72527862'),('72528674'),('72529234'),('72529671'),('72529737'),('72530136'),('72530716'),('72531597'),('72531664'),('72531681'),('72531925'),('72531928'),('72532058'),('72533562'),('72533660'),('72533749'),('72533814'),('72534079'),('72534172'),('72534362'),('72534519'),('72534524'),('72534781'),('72536208'),('72537542'),('72540151'),('72540153'),('72540154'),('72540274'),('72541432'),('72541502'),('72541530'),('72541638'),('72542263'),('72543518'),('72544285'),('72545707'),('72545929'),('72546280'),('72547978'),('72548012'),('72548030'),('72548089'),('72548777'),('72548863'),('72549578'),('72549776'),('72549780'),('72549880'),('72550028'),('72550079'),('72550166'),('72550311'),('72551454'),('72551719'),('72551727'),('72552449'),('72552676'),('72552873'),('72554616'),('72554707'),('72555008'),('72555359'),('72555579'),('72556277'),('72557764'),('72557836'),('72557947'),('72558523'),('72559780'),('72561015'),('72561216'),('72561514'),('72561517'),('72561584'),('72561974'),('72562216'),('72562252'),('72562335'),('72562531'),('72562572'),('72562585'),('72562734'),('72563911'),('72564635'),('72564686'),('72564715'),('72564726'),('72565035'),('72565180'),('72565256'),('72566223'),('72566308'),('72566507'),('72566510'),('72566549'),('72566889'),('72566906'),('72566953'),('72567156'),('72567247'),('72567289'),('72568909'),('72569029'),('72569047'),('72571535'),('72571543'),('72571693'),('72571708'),('72571943'),('72572619'),('72572839'),('72572936'),('72573564'),('72573606'),('72573836'),('72573958'),('72574094'),('72575696'),('72576760'),('72577961'),('72578413'),('72578758'),('72580314'),('72582731'),('72583028'),('72584228'),('72590468'),('72605840'),('72606265'),('72606855'),('72607725'),('72607791'),('72607805'),('72608179'),('72608827'),('72609106'),('72613029'),('72613767'),('72613966'),('72613993'),('72614169'),('72614519'),('72615820'),('72615926'),('72617275'),('72617284'),('72617922'),('72617929'),('72618060'),('72619635'),('72619645'),('72620028'),('72620392'),('72620734'),('72620964'),('72621756'),('72621782'),('72621826'),('72622314'),('72622459'),('72624218'),('72624470'),('72624650'),('72625971'),('72626011'),('72626054'),('72626782'),('72628297'),('72629169'),('72629304'),('72629483'),('72629500'),('72630011'),('72630015'),('72630679'),('72630824'),('72632261'),('72632311'),('72632535'),('72634741'),('72634768'),('72634777'),('72634800'),('72634851'),('72635546'),('72635913'),('72635932'),('72636437'),('72637311'),('72637576'),('72637635'),('72638724'),('72638865'),('72639794'),('72641370'),('72642540'),('72644427'),('72645936'),('72647444'),('72647926'),('72648011'),('72648087'),('72648160'),('72649590'),('72652009'),('72652084'),('72652091'),('72652247'),('72652445'),('72652758'),('72652927'),('72653062'),('72653453'),('72653541'),('72654231'),('72655061'),('72655197'),('72656547'),('72656585'),('72656796'),('72657276'),('72657718'),('72658223'),('72658797'),('72658950'),('72659304'),('72661189'),('72661380'),('72661484'),('72661633'),('72661886'),('72661924'),('72661965'),('72662488'),('72662615'),('72662646'),('72663142'),('72663152'),('72663197'),('72663383'),('72663400'),('72663642'),('72663854'),('72665259'),('72665810'),('72666056'),('72666267'),('72666301'),('72666522'),('72666571'),('72666627'),('72666708'),('72666949'),('72667409'),('72668253'),('72668668'),('72668858'),('72668883'),('72668912'),('72668939'),('72669386'),('72670117'),('72670501'),('72670617'),('72670798'),('72671063'),('72671302'),('72671375'),('72672277'),('72673163'),('72673376'),('72673439'),('72673810'),('72673964'),('72674320'),('72674583'),('72674635'),('72674638'),('72674670'),('72674766'),('72674800'),('72674901'),('72676681'),('72676774'),('72676824'),('72677247'),('72677548'),('72679120'),('72679194'),('72679392'),('72679439'),('72679605'),('72680345'),('72680584'),('72681303'),('72681317'),('72682255'),('72682444'),('72682788'),('72683118'),('72683120'),('72683149'),('72683481'),('72683855'),('72684545'),('72685276'),('72685486'),('72685758'),('72685765'),('72686754'),('72689086'),('72689089'),('72689159'),('72689257'),('72689378'),('72690707'),('72691195'),('72692029'),('72692452'),('72693354'),('72693832'),('72694573'),('72694732'),('72694779'),('72694817'),('72695260'),('72695684'),('72695790'),('72696266'),('72696326'),('72697210'),('72697537'),('72698024'),('72698560'),('72698681'),('72698983'),('72699141'),('72699442'),('72699554'),('72700787'),('72701017'),('72701438'),('72701460'),('72702578'),('72704233'),('72704356'),('72704932'),('72705156'),('72705215'),('72706699'),('72706756'),('72706808'),('72707813'),('72707840'),('72707971'),('72708265'),('72709172'),('72709354'),('72709530'),('72710251'),('72710315'),('72710327'),('72710729'),('72710923'),('72711287'),('72711977'),('72712316'),('72713054'),('72713100'),('72713104'),('72713157'),('72713400'),('72713482'),('72713624'),('72713983'),('72714482'),('72715346'),('72715989'),('72716014'),('72717006'),('72718115'),('72718420'),('72719003'),('72719185'),('72719356'),('72719438'),('72720794'),('72721377'),('72721470'),('72721646'),('72721830'),('72721986'),('72722210'),('72722389'),('72723253'),('72724106'),('72724240'),('72724643'),('72725488'),('72725642'),('72725809'),('72725810'),('72725953'),('72725963'),('72726352'),('72727029'),('72728040'),('72728473'),('72728521'),('72728659'),('72728752'),('72728848'),('72728942'),('72729139'),('72729367'),('72729517'),('72729823'),('72730839'),('72730928'),('72731014'),('72731114'),('72731341'),('72731871'),('72732052'),('72733184'),('72733528'),('72733529'),('72733949'),('72733962'),('72733968'),('72734191'),('72734208'),('72734267'),('72734447'),('72737115'),('72737323'),('72738791'),('72738888'),('72738978'),('72739001'),('72739451'),('72739476'),('72740561'),('72741709'),('72741760'),('72741838'),('72742278'),('72742311'),('72744155'),('72744294'),('72744786'),('72744897'),('72747082'),('72748255'),('72748359'),('72748831'),('72748868'),('72748893'),('72748896'),('72749078'),('72750124'),('72750357'),('72750594'),('72750769'),('72750934'),('72751113'),('72752495'),('72754015'),('72755801'),('72755969'),('72756026'),('72756739'),('72756903'),('72757258'),('72758188'),('72758693'),('72758912'),('72758938'),('72759122'),('72759316'),('72759698'),('72760186'),('72761079'),('72761123'),('72761482'),('72761644'),('72761708'),('72762514'),('72762517'),('72763985'),('72764450'),('72764987'),('72765077'),('72765136'),('72765206'),('72765316'),('72766999'),('72767511'),('72769568'),('72770436'),('72770439'),('72771227'),('72771278'),('72771437'),('72771596'),('72771724'),('72771746'),('72772655'),('72774460'),('72775566'),('72775617'),('72775958'),('72775963'),('72776040'),('72776115'),('72776245'),('72776374'),('72776538'),('72776730'),('72776930'),('72778265'),('72778421'),('72778789'),('72778854'),('72779343'),('72779390'),('72779399'),('72779846'),('72779892'),('72780093'),('72780745'),('72780754'),('72781091'),('72782490'),('72782746'),('72782763'),('72783314'),('72783850'),('72785293'),('72786398'),('72786402'),('72787059'),('72787109'),('72787316'),('72787871'),('72788009'),('72788747'),('72789210'),('72789418'),('72789478'),('72789620'),('72789652'),('72789742'),('72790099'),('72791167'),('72791311'),('72791457'),('72791580'),('72791770'),('72792745'),('72792844'),('72792996'),('72794184'),('72794224'),('72794419'),('72794650'),('72794728'),('72794952'),('72794956'),('72795071'),('72796546'),('72797402'),('72797464'),('72798460'),('72798515'),('72798589'),('72798672'),('72799361'),('72799403'),('72799661'),('72800570'),('72801073'),('72801131'),('72802807'),('72803338'),('72803546'),('72803731'),('72803780'),('72804028'),('72804217'),('72804311'),('72804353'),('72804678'),('72804701'),('72805943'),('72806016'),('72806218'),('72806593'),('72807421'),('72807678'),('72807696'),('72808438'),('72808907'),('72809134'),('72809443'),('72809452'),('72809641'),('72809651'),('72809696'),('72810822'),('72811136'),('72811357'),('72813222'),('72813300'),('72813344'),('72813447'),('72813504'),('72813533'),('72813837'),('72815126'),('72815806'),('72815945'),('72816013'),('72816057'),('72822916'),('72836210'),('72836871'),('72837325'),('72837625'),('72837773'),('72837959'),('72837965'),('72837981'),('72839017'),('72839106'),('72839290'),('72839727'),('72839788'),('72839840'),('72840526'),('72840673'),('72840984'),('72841060'),('72843039'),('72843241'),('72843644'),('72843872'),('72843892'),('72843973'),('72844098'),('72844195'),('72844429'),('72844722'),('72844798'),('72844801'),('72845950'),('72845974'),('72846012'),('72846044'),('72846378'),('72846511'),('72846566'),('72846651'),('72846675'),('72848173'),('72848745'),('72848817'),('72849371'),('72849475'),('72851633'),('72851731'),('72851911'),('72852019'),('72852298'),('72853021'),('72853598'),('72853740'),('72853783'),('72853879'),('72854139'),('72854166'),('72854199'),('72854344'),('72856081'),('72856132'),('72856245'),('72856741'),('72857270'),('72857308'),('72857429'),('72857446'),('72857973'),('72858146'),('72858149'),('72858700'),('72858927'),('72859825'),('72860197'),('72860312'),('72860565'),('72861109'),('72861423'),('72861949'),('72862077'),('72863095'),('72863509'),('72864318'),('72864340'),('72865619'),('72865660'),('72865897'),('72866213'),('72866496'),('72866511'),('72866687'),('72866980'),('72867348'),('72867682'),('72868030'),('72868661'),('72868923'),('72869272'),('72869526'),('72869889'),('72870174'),('72870866'),('72871223'),('72871457'),('72871641'),('72871647'),('72871722'),('72872172'),('72873491'),('72873680'),('72873730'),('72873870'),('72874296'),('72874406'),('72874746'),('72874920'),('72874941'),('72875216'),('72875233'),('72875305'),('72875361'),('72875512'),('72875916'),('72876045'),('72877550'),('72877580'),('72878295'),('72878480'),('72878933'),('72878941'),('72879646'),('72879957'),('72880903'),('72881682'),('72882232'),('72882397'),('72882730'),('72883710'),('72883809'),('72884012'),('72884933'),('72885196'),('72885732'),('72885838'),('72885897'),('72886624'),('72887097'),('72888759'),('72889291'),('72889677'),('72890127'),('72890146'),('72890183'),('72890197'),('72891233'),('72892504'),('72893055'),('72895785'),('72895899'),('72895943'),('72895972'),('72896153'),('72896473'),('72896708'),('72896711'),('72897183'),('72897195'),('72897290'),('72897730'),('72897997'),('72899221'),('72901082'),('72901173'),('72901266'),('72901469'),('72901489'),('72901807'),('72902364'),('72902387'),('72902435'),('72902848'),('72903024'),('72903086'),('72903480'),('72905344'),('72905909'),('72906124'),('72907436'),('72907438'),('72907595'),('72908017'),('72908070'),('72908307'),('72908548'),('72908570'),('72908574'),('72908725'),('72908821'),('72909191'),('72909825'),('72910066'),('72910258'),('72912801'),('72912969'),('72913426'),('72913456'),('72914035'),('72914575'),('72914910'),('72915368'),('72915371'),('72915544'),('72915556'),('72915588'),('72915669'),('72915719'),('72915863'),('72915867'),('72915968'),('72916097'),('72916487'),('72918287'),('72919903'),('72919975'),('72920525'),('72920945'),('72921064'),('72921187'),('72921289'),('72922070'),('72923130'),('72924033'),('72924077'),('72924287'),('72925246'),('72925471'),('72925598'),('72925608'),('72925634'),('72927161'),('72927314'),('72927338'),('72928793'),('72929148'),('72929193'),('72929458'),('72929551'),('72929689'),('72930514'),('72930878'),('72930881'),('72931603'),('72931905'),('72932244'),('72932696'),('72932851'),('72934404'),('72935473'),('72936639'),('72936685'),('72936689'),('72937119'),('72938483'),('72939519'),('72941148'),('72941183'),('72942650'),('72943316'),('72943417'),('72943715'),('72943832'),('72944003'),('72944387'),('72944388'),('72944700'),('72948025'),('72948748'),('72949186'),('72949244'),('72949455'),('72949664'),('72950946'),('72951097'),('72951740'),('72951914'),('72952949'),('72953098'),('72958184'),('72959099'),('72959142'),('72959162'),('72959529'),('72959808'),('72961008'),('72961460'),('72961648'),('72962540'),('72962925'),('72964444'),('72964525'),('72964596'),('72966226'),('72966509'),('72966541'),('72967747'),('72967917'),('72969503'),('72969513'),('72969537'),('72969749'),('72970662'),('72971391'),('72971963'),('72972013'),('72972070'),('72972270'),('72972289'),('72972388'),('72972389'),('72974492'),('72975047'),('72975064'),('72975219'),('72976072'),('72976080'),('72976266'),('72976313'),('72976787'),('72976868'),('72976890'),('72977102'),('72978040'),('72978312'),('72978398'),('72978847'),('72979474'),('72979776'),('72980361'),('72980800'),('72988543'),('7299431'),('72999278'),('73001323'),('73002214'),('73002319'),('73002577'),('73002751'),('73003073'),('73003698'),('73003856'),('73004110'),('73004364'),('73004973'),('73005807'),('73005821'),('73005915'),('73006161'),('73006908'),('73007003'),('73007014'),('73007045'),('73007074'),('73007441'),('73007522'),('73007914'),('73008269'),('73008274'),('73008452'),('73008518'),('73008561'),('73008581'),('73008848'),('73008972'),('73010039'),('73010145'),('73010442'),('73011623'),('73012225'),('73012361'),('73012384'),('73012548'),('73012594'),('73012858'),('73012908'),('73013057'),('73013222'),('73013272'),('73013392'),('73013625'),('73013728'),('73013747'),('73013756'),('73014727'),('73014730'),('73014809'),('73014876'),('73015186'),('73015324'),('73016020'),('73017838'),('73017941'),('73019198'),('73019447'),('73020463'),('73020869'),('73022238'),('73023321'),('73023368'),('73024282'),('73024346'),('73025451'),('73025858'),('73026960'),('73027104'),('73027351'),('73027362'),('73027536'),('73027614'),('73027626'),('73028543'),('73028600'),('73028886'),('73030388'),('73030531'),('73030551'),('73032662'),('73033201'),('73033309'),('73033598'),('73034002'),('73034132'),('73034400'),('73034600'),('73034639'),('73035082'),('73035135'),('73035248'),('73035596'),('73035716'),('73036040'),('73037622'),('73038789'),('73039000'),('73039284'),('73039455'),('73039777'),('73040202'),('73042158'),('73042242'),('73042248'),('73042319'),('73042631'),('73043064'),('73043218'),('73043406'),('73043439'),('73043474'),('73043483'),('73043653'),('73045236'),('73045530'),('73045641'),('73046192'),('73046884'),('73047550'),('73047895'),('73048234'),('73048564'),('73049440'),('73049525'),('73049550'),('73050452'),('73050507'),('73050726'),('73050916'),('73051141'),('73052028'),('73053549'),('73053564'),('73054136'),('73055251'),('73056291'),('73056460'),('73058030'),('73058140'),('73058207'),('73058354'),('73060206'),('73060636'),('73061489'),('73061722'),('73061779'),('73061785'),('73061801'),('73062632'),('73062689'),('73063169'),('73063353'),('73063924'),('73064620'),('73065305'),('73066096'),('73066456'),('73066514'),('73066520'),('73066673'),('73066810'),('73066894'),('73067017'),('73067060'),('73069579'),('73069675'),('73070600'),('73070798'),('73070923'),('73070951'),('73072069'),('73072730'),('73072889'),('73073000'),('73073043'),('73073152'),('73073539'),('73073627'),('73074445'),('73074997'),('73075056'),('73075098'),('73075198'),('73075728'),('73076068'),('73076115'),('73076508'),('73076816'),('73078369'),('73079347'),('73079846'),('73079872'),('73081576'),('73081664'),('73083266'),('73083545'),('73083655'),('73084672'),('73084678'),('73084732'),('73084975'),('73085071'),('73085115'),('73085453'),('73085574'),('73085615'),('73086353'),('73086490'),('73087117'),('73087274'),('73087424'),('73087454'),('73087576'),('73088081'),('73088871'),('73088925'),('73089151'),('73089272'),('73089355'),('73089893'),('73091134'),('73091573'),('73091838'),('73091876'),('73091930'),('73091971'),('73092006'),('73093107'),('73093951'),('73094033'),('73094076'),('73094085'),('73094135'),('73095428'),('73096975'),('73097160'),('73097418'),('73097465'),('73097660'),('73097720'),('73098964'),('73099728'),('73099951'),('73102096'),('73102924'),('73103229'),('73103488'),('73103784'),('73104587'),('73105251'),('73105573'),('73105594'),('73106714'),('73106812'),('73106846'),('73106980'),('73107029'),('73107031'),('73107840'),('73108367'),('73108409'),('73108682'),('73109646'),('73109808'),('73110119'),('73110219'),('73110693'),('73110788'),('73111097'),('73112321'),('73113056'),('73114689'),('73115036'),('73115636'),('73115976'),('73116377'),('73117111'),('73117289'),('73117348'),('73117407'),('73118843'),('73120427'),('73120582'),('73121175'),('73121851'),('73122158'),('73122356'),('73122978'),('73124848'),('73125378'),('73126351'),('73127464'),('73127589'),('73127709'),('73128017'),('73128258'),('73128788'),('73129855'),('73130033'),('73130615'),('73130780'),('73131847'),('73132288'),('73132979'),('73133495'),('73134350'),('73134456'),('73134949'),('73135061'),('73135627'),('73135928'),('73141020'),('73141311'),('73143007'),('73143587'),('73143823'),('73144169'),('73144644'),('73144936'),('73145081'),('73145119'),('73145152'),('73145217'),('73145323'),('73145365'),('73145692'),('73146330'),('73146950'),('73147930'),('73148454'),('73148828'),('73149165'),('73149326'),('73149901'),('73150513'),('73150661'),('73150809'),('73157075'),('73161822'),('73163817'),('73165312'),('73166931'),('73171243'),('73172137'),('73172249'),('73172408'),('73172697'),('73172982'),('73172993'),('73173218'),('73173353'),('73173706'),('73174604'),('73174651'),('73174652'),('73174671'),('73175595'),('73176344'),('73176432'),('73176834'),('73177092'),('73177179'),('73177324'),('73178102'),('73179498'),('73179746'),('73180083'),('73180592'),('73180823'),('73181196'),('73181620'),('73181820'),('73181836'),('73182418'),('73182553'),('73182679'),('73182902'),('73184169'),('73184421'),('73184469'),('73184709'),('73184919'),('73185452'),('73185840'),('73186050'),('73186331'),('73186358'),('73186366'),('73187635'),('73187640'),('73187786'),('73187823'),('73188237'),('73189014'),('73189017'),('73189740'),('73191023'),('73191146'),('73191317'),('73191328'),('73191460'),('73191661'),('73192092'),('73192123'),('73192196'),('73192482'),('73192840'),('73193668'),('73193729'),('73193881'),('73194222'),('73194822'),('73195479'),('73195747'),('73195881'),('73195995'),('73196158'),('73196338'),('73197452'),('73197603'),('73197726'),('73198755'),('73198974'),('73199136'),('73199138'),('73200592'),('73200643'),('73200764'),('73201416'),('73202428'),('73202795'),('73203444'),('73203691'),('73204837'),('73205599'),('73206281'),('73206314'),('73206564'),('73206659'),('73206726'),('73207591'),('73207788'),('73207883'),('73208067'),('73209161'),('73210905'),('73212407'),('73212431'),('73212581'),('73212704'),('73212884'),('73212943'),('73212982'),('73213033'),('73213683'),('73213832'),('73214206'),('73215064'),('73215325'),('73216061'),('73216144'),('73216231'),('73216253'),('73216374'),('73216886'),('73217222'),('73217550'),('73219159'),('73220858'),('73221008'),('73222132'),('73223002'),('73223355'),('73223370'),('73226068'),('73226554'),('73227331'),('73227363'),('73228912'),('73228913'),('73229434'),('73229517'),('73229770'),('73230887'),('73231235'),('73231940'),('73231973'),('73232058'),('73234121'),('73238114'),('73239063'),('73239070'),('73239369'),('73239391'),('73239654'),('73239658'),('73239707'),('73239814'),('73239979'),('73240592'),('73241039'),('73242036'),('73242107'),('73242537'),('73242764'),('73243772'),('73244105'),('73244897'),('73246375'),('73246458'),('73246653'),('73246676'),('73247240'),('73248077'),('73249647'),('73249735'),('73251182'),('73251197'),('73251289'),('73251355'),('73251457'),('73252161'),('73252446'),('73252871'),('73253025'),('73253034'),('73253048'),('73253508'),('73253712'),('73253714'),('73253981'),('73254118'),('73254289'),('73254308'),('73254966'),('73255697'),('73257042'),('73257190'),('73257300'),('73257906'),('73257963'),('73257995'),('73258252'),('73258670'),('73259257'),('73259284'),('73259366'),('73260041'),('73260294'),('73260512'),('73260622'),('73260700'),('73260778'),('73260874'),('73260986'),('73261137'),('73261771'),('73261781'),('73262189'),('73262551'),('73262606'),('73263261'),('73263840'),('73263940'),('73263945'),('73263989'),('73264376'),('73264414'),('73264871'),('73265150'),('73265599'),('73265698'),('73266019'),('73266130'),('73267033'),('73267221'),('73267530'),('73267620'),('73268010'),('73270184'),('73270242'),('73270284'),('73271623'),('73272707'),('73274576'),('73275051'),('73276439'),('73277778'),('73279123'),('73289838'),('73294885'),('73298446'),('73301126'),('73301174'),('73301926'),('73301939'),('73305663'),('73306847'),('73307356'),('73307685'),('73309318'),('73309923'),('73309924'),('73312213'),('73313336'),('73313899'),('73314185'),('73314449'),('73316043'),('73317280'),('73317966'),('73318717'),('73318850'),('73319410'),('73320080'),('73320903'),('73321308'),('73321324'),('73323557'),('73326513'),('73326521'),('73331234'),('73334404'),('73335924'),('73338960'),('73341673'),('73343800'),('73346163'),('73347077'),('73349309'),('73351142'),('73351504'),('73351512'),('73351620'),('73352751'),('73352752'),('73353067'),('73353712'),('73354550'),('73355235'),('73355449'),('73357046'),('73358118'),('73358198'),('73358917'),('73359292'),('73360448'),('73360452'),('73362157'),('73363650'),('73363876'),('73367086'),('73367273'),('73368241'),('73371064'),('73371565'),('73371946'),('73373044'),('73373277'),('73373665'),('73374614'),('73374821'),('73376481'),('73377566'),('73378763'),('73380242'),('73380253'),('73380521'),('73381061'),('73381827'),('73383224'),('73386216'),('73389324'),('73391264'),('73392899'),('73393849'),('73400301'),('73400841'),('73405310'),('73414810'),('73416361'),('73422950'),('73425482'),('73425776'),('73426307'),('73426382'),('73426473'),('73426501'),('73427978'),('73428222'),('73429435'),('73429562'),('73434511'),('73435084'),('73435188'),('73436063'),('73437799'),('73438482'),('73441383'),('73441605'),('73442049'),('73442132'),('73442200'),('73443190'),('73443283'),('73446141'),('73446432'),('73447980'),('73448810'),('73448912'),('73451196'),('73451217'),('73451585'),('73451966'),('73452001'),('73452271'),('73452466'),('73455429'),('73456045'),('73457937'),('73458573'),('73458613'),('73458766'),('73459621'),('73459695'),('73459768'),('73459998'),('73460171'),('73461567'),('73461877'),('73462176'),('73465396'),('73465427'),('73466339'),('73468206'),('73470138'),('73473302'),('73475053'),('73475289'),('73475733'),('73476193'),('73476523'),('73477672'),('73478976'),('73481794'),('73483157'),('73483877'),('73483878'),('73485657'),('73486481'),('73487210'),('73488197'),('73488243'),('73488582'),('73488754'),('73490129'),('73490500'),('73493287'),('73494215'),('73495212'),('73495325'),('73497739'),('73497770'),('73498080'),('73498597'),('73499795'),('73500109'),('73500662'),('73500664'),('73500793'),('73502222'),('73503804'),('73505340'),('73506659'),('73506688'),('73507277'),('73509041'),('73511641'),('73511642'),('73513396'),('73514155'),('73514165'),('73514185'),('73515921'),('73517918'),('73518165'),('73518812'),('73520301'),('73521104'),('73522207'),('73522212'),('73524474'),('73524480'),('73524771'),('73526169'),('73526244'),('73526359'),('73527106'),('73529107'),('73535590'),('73537153'),('73537714'),('73540327'),('73542236'),('73542772'),('73542828'),('73543081'),('73543103'),('73546640'),('73547331'),('73560698'),('73563241'),('73565986'),('73570457'),('73570657'),('73570782'),('73572155'),('73572524'),('73572615'),('73573169'),('73573298'),('73575536'),('73577851'),('73578253'),('73578472'),('73578897'),('73580614'),('73581819'),('73583761'),('73584408'),('73584662'),('73585364'),('73589499'),('73592168'),('73592418'),('73592472'),('73592635'),('73593124'),('73597965'),('73599509'),('73599993'),('73600501'),('73601107'),('73601495'),('73602492'),('73604221'),('73604464'),('73607146'),('73607684'),('73608573'),('73608930'),('73609285'),('73610236'),('73612039'),('73612435'),('73612884'),('73613705'),('73613810'),('73613815'),('73614748'),('73614991'),('73615210'),('73615282'),('73616722'),('73618703'),('73619534'),('73620774'),('73621366'),('73622567'),('73623195'),('73623895'),('73623896'),('73625369'),('73626079'),('73626960'),('73627414'),('73628839'),('73629647'),('73629985'),('73630067'),('73630569'),('73631148'),('73632247'),('73633283'),('73634027'),('73636506'),('73636623'),('73639923'),('73640956'),('73641865'),('73642076'),('73642107'),('73642157'),('73644062'),('73646448'),('73646562'),('73646591'),('73648449'),('73651007'),('73651987'),('73653273'),('73654992'),('73655002'),('73655039'),('73655804'),('73656984'),('73657697'),('73658037'),('73658417'),('73660703'),('73664123'),('73666609'),('73666631'),('73668606'),('73668610'),('73668898'),('73669672'),('73671259'),('73672111'),('73672503'),('73674093'),('73674234'),('73675157'),('73675739'),('73676607'),('73676693'),('73677002'),('73680800'),('73681828'),('73681866'),('73682741'),('73682844'),('73682948'),('73683818'),('73684421'),('73687517'),('73689270'),('73689348'),('73689612'),('73690020'),('73690313'),('73690451'),('73690622'),('73690646'),('73691419'),('73691882'),('73692479'),('73692599'),('73693277'),('73694172'),('73694519'),('73696131'),('73699099'),('73699337'),('73699613'),('73700375'),('73700769'),('73701757'),('73701761'),('73702866'),('73702893'),('73703096'),('73704492'),('73705236'),('73705796'),('73706598'),('73708038'),('73708175'),('73711950'),('73713703'),('73720953'),('73724542'),('73730096'),('73736320'),('73737199'),('73738376'),('73740871'),('73741824'),('73741945'),('73742113'),('73743292'),('73746876'),('73747078'),('73747131'),('73749949'),('73753989'),('73754069'),('73754076'),('73754194'),('73755346'),('73757327'),('73758327'),('73761519'),('73763508'),('73765976'),('73766589'),('73769551'),('73772267'),('73772623'),('73774492'),('73774601'),('73777256'),('73777372'),('73777676'),('73778364'),('73778365'),('73778399'),('73780253'),('73783102'),('73783223'),('73783766'),('73786249'),('73786632'),('73786740'),('73787599'),('73788303'),('73788375'),('73790108'),('73791012'),('73791682'),('73793099'),('73793130'),('73793324'),('73795414'),('73795592'),('73796185'),('73796186'),('73796187'),('73796193'),('73797777'),('73799407'),('73799584'),('73799901'),('73801866'),('73804188'),('73805137'),('73805378'),('73805847'),('73806592'),('73808195'),('73808300'),('73808719'),('73810455'),('73812501'),('73812757'),('73813212'),('73813657'),('73813726'),('73814775'),('73816045'),('73816122'),('73816936'),('73817031'),('73818104'),('73819266'),('73820353'),('73820515'),('73820524'),('73822483'),('73825630'),('73828325'),('73828380'),('73829025'),('73829582'),('73830039'),('73830823'),('73831341'),('73831584'),('73832077'),('73832775'),('73840459'),('73849079'),('73852280'),('73855971'),('73856475'),('73856482'),('73857328'),('73857471'),('73857717'),('73857954'),('73857994'),('73858409'),('73858511'),('73858568'),('73859720'),('73859893'),('73860113'),('73860407'),('73860955'),('73860984'),('73861197'),('73862868'),('73862869'),('73863006'),('73863586'),('73864577'),('73864638'),('73865114'),('73865407'),('73867457'),('73870928'),('73873316'),('73873619'),('73874463'),('73874640'),('73874707'),('73874710'),('73875343'),('73875571'),('73875663'),('73876827'),('73877627'),('73878685'),('73879451'),('73879724'),('73880109'),('73880362'),('73881331'),('73882120'),('73883073'),('73884105'),('73884459'),('73885904'),('73887362'),('73887716'),('73889170'),('73891395'),('73891396'),('73891905'),('73891946'),('73892031'),('73892606'),('73892685'),('73892844'),('73892867'),('73893059'),('73894254'),('73896312'),('73896466'),('73897364'),('73897866'),('73897867'),('73898200'),('73898286'),('73898817'),('73900056'),('73900941'),('73901173'),('73901281'),('73901440'),('73902125'),('73902223'),('73903345'),('73903406'),('73904920'),('73904924'),('73907065'),('73907202'),('73908882'),('73913242'),('73929316'),('73929354'),('73930470'),('73931733'),('73932627'),('73933565'),('73933676'),('73933932'),('73934091'),('73935068'),('73935072'),('73935205'),('73935288'),('73937539'),('73938148'),('73938630'),('73939494'),('73939526'),('73940655'),('73940834'),('73941400'),('73941881'),('73943675'),('73945023'),('73945687'),('73945725'),('73945768'),('73945848'),('73945935'),('73947509'),('73947629'),('73948334'),('73948537'),('73950326'),('73952001'),('73952085'),('73953952'),('73954395'),('73955498'),('73955835'),('73956357'),('73957465'),('73958125'),('73958475'),('73959160'),('73960482'),('73960558'),('73961235'),('73964111'),('73964793'),('73964819'),('73965424'),('73966168'),('73966252'),('73967126'),('73967431'),('73967749'),('73967768'),('73969076'),('73969160'),('73970247'),('73972352'),('73973439'),('73973488'),('73973580'),('73974773'),('73976421'),('73977620'),('73979905'),('73980569'),('73981605'),('73983571'),('73984704'),('73985588'),('73986542'),('73987623'),('73987924'),('73988696'),('73992706'),('73992774'),('73993527'),('73994940'),('73995072'),('73995956'),('73996760'),('73996798'),('73998166'),('73999076'),('74021050'),('74021411'),('74022001'),('74022699'),('74022762'),('74022815'),('74022847'),('74022922'),('74023695'),('74025227'),('74025455'),('74025690'),('74027595'),('74028353'),('74028527'),('74028994'),('74029527'),('74030270'),('74030374'),('74030448'),('74030871'),('74030918'),('74031086'),('74031136'),('74031384'),('74032113'),('74032950'),('74033039'),('74035059'),('74035611'),('74036163'),('74036759'),('74037914'),('74037928'),('74038506'),('74039077'),('74039212'),('74039425'),('74039797'),('74040057'),('74040193'),('74041798'),('74042236'),('74042617'),('74043690'),('74044776'),('74046429'),('74049173'),('74049253'),('74049573'),('74049626'),('74050055'),('74050089'),('74050854'),('74051059'),('74052870'),('74053557'),('74054585'),('74057431'),('74059705'),('74060246'),('74061738'),('74061807'),('74062982'),('74063200'),('74063834'),('74064557'),('74064559'),('74064699'),('74064839'),('74064995'),('74065434'),('74065539'),('74066306'),('74066388'),('74066479'),('74067633'),('74068130'),('74069584'),('74070611'),('74071712'),('74072095'),('74072767'),('74073434'),('74073613'),('74073652'),('74073715'),('74074845'),('74074846'),('74075471'),('74075937'),('74076023'),('74077622'),('74078424'),('74079743'),('74081669'),('74082735'),('74085170'),('74086960'),('74087048'),('74087141'),('74087184'),('74087283'),('74087402'),('74087406'),('74088031'),('74088040'),('74088069'),('74089140'),('74089322'),('74089724'),('74089988'),('74090073'),('74090224'),('74090251'),('74090357'),('74091052'),('74091543'),('74092501'),('74092601'),('74092872'),('74093078'),('74094893'),('74095017'),('74095719'),('74095858'),('74097176'),('74097605'),('74099859'),('74107628'),('74115961'),('74118253'),('74118267'),('74118430'),('74118772'),('74118796'),('74118951'),('74119029'),('74121284'),('74122062'),('74122785'),('74122831'),('74122997'),('74123632'),('74124187'),('74124470'),('74124476'),('74125597'),('74126083'),('74126553'),('74126866'),('74126867'),('74128281'),('74128403'),('74128496'),('74128964'),('74129377'),('74129685'),('74130732'),('74130919'),('74131192'),('74132562'),('74132838'),('74132915'),('74133054'),('74133281'),('74135024'),('74136856'),('74136996'),('74137080'),('74137600'),('74137616'),('74138747'),('74139446'),('74139783'),('74140505'),('74142293'),('74142329'),('74142382'),('74144622'),('74145235'),('74146350'),('74146623'),('74147071'),('74147761'),('74149123'),('74150752'),('74151043'),('74152030'),('74152387'),('74153932'),('74154904'),('74155361'),('74155601'),('74156083'),('74160768'),('74161899'),('74162352'),('74162590'),('74163305'),('74163722'),('74163770'),('74166537'),('74166687'),('74167043'),('74167130'),('74167450'),('74168387'),('74168619'),('74170661'),('74171136'),('74171261'),('74172134'),('74172868'),('74174317'),('74176349'),('74176666'),('74176970'),('74177399'),('74177446'),('74177696'),('74177840'),('74177866'),('74178468'),('74178678'),('74178764'),('74182299'),('74184371'),('74187063'),('74191117'),('74195917'),('74197389'),('74198053'),('74199698'),('74200032'),('74200449'),('74200778'),('74201884'),('74202675'),('74204015'),('74204330'),('74204509'),('74204999'),('74205378'),('74205743'),('74205829'),('74206228'),('74206347'),('74206391'),('74206447'),('74207399'),('74207870'),('74207956'),('74208351'),('74208504'),('74208518'),('74209285'),('74210413'),('74210414'),('74212790'),('74213031'),('74214693'),('74214856'),('74214896'),('74215305'),('74215816'),('74216692'),('74217299'),('74217649'),('74218067'),('74218300'),('74218959'),('74219077'),('74219541'),('74219693'),('74219880'),('74220002'),('74220087'),('74220488'),('74221837'),('74221887'),('74222978'),('74223408'),('74223754'),('74223782'),('74224595'),('74225079'),('74225856'),('74225931'),('74226041'),('74226126'),('74226411'),('74227768'),('74227917'),('74228109'),('74228309'),('74229037'),('74229475'),('74229766'),('74229889'),('74229890'),('74230131'),('74230820'),('74230821'),('74231322'),('74232933'),('74233348'),('74233352'),('74233538'),('74235830'),('74236324'),('74237363'),('74237619'),('74238843'),('74239567'),('74239568'),('74240646'),('74241036'),('74241275'),('74241793'),('74242884'),('74243306'),('74244416'),('74244803'),('74248031'),('74248691'),('74248822'),('74251423'),('74251426'),('74251552'),('74253647'),('74253837'),('74253951'),('74254549'),('74254669'),('74254673'),('74255524'),('74266267'),('74271352'),('74277643'),('74277691'),('74278671'),('74278799'),('74278886'),('74279279'),('74279327'),('74280083'),('74280536'),('74281562'),('74282885'),('74283803'),('74284440'),('74284782'),('74285525'),('74287018'),('74287335'),('74289698'),('74289745'),('74289760'),('74290310'),('74290322'),('74291534'),('74292045'),('74294151'),('74294722'),('74294737'),('74295371'),('74296102'),('74297070'),('74297116'),('74297398'),('74297666'),('74298827'),('74299011'),('74299271'),('74299508'),('74299700'),('74299743'),('74299843'),('74300179'),('74300688'),('74300875'),('74301562'),('74301611'),('74302474'),('74303569'),('74303915'),('74305366'),('74305510'),('74306621'),('74306705'),('74306735'),('74307767'),('74308264'),('74309257'),('74309857'),('74310028'),('74310060'),('74311745'),('74311953'),('74312687'),('74312799'),('74315728'),('74315757'),('74318079'),('74319030'),('74320542'),('74320813'),('74323054'),('74323073'),('74323760'),('74323938'),('74324579'),('74324622'),('74324656'),('74324727'),('74324780'),('74325263'),('74325265'),('74325860'),('74326040'),('74326445'),('74326658'),('74348658'),('74348763'),('74349849'),('74350418'),('74351586'),('74352043'),('74352133'),('74354228'),('74354354'),('74354473'),('74355037'),('74356260'),('74357887'),('74358604'),('74360802'),('74366386'),('74366395'),('74368444'),('74372339'),('74373702'),('74374208'),('74375463'),('74376354'),('74376477'),('74376632'),('74377316'),('74378099'),('74378628'),('74379161'),('74380180'),('74381688'),('74382243'),('74382544'),('74382820'),('74388152'),('74388529'),('74388576'),('74391054'),('74391159'),('74391770'),('74391835'),('74393148'),('74393388'),('74395132'),('74395785'),('74396066'),('74396072'),('74396172'),('74396241'),('74397458'),('74397489'),('74398947'),('74400366'),('74404508'),('74404512'),('74405718'),('74405943'),('74406581'),('74409644'),('74409957'),('74412964'),('74413001'),('74415036'),('74416968'),('74417490'),('74417531'),('74421483'),('74422080'),('74422158'),('74423558'),('74423650'),('74423774'),('74429756'),('74429946'),('74430520'),('74434124'),('74434763'),('74434778'),('74434866'),('74436757'),('74438782'),('74440783'),('74441624'),('74442475'),('74443976'),('74444512'),('74446870'),('74446981'),('74447339'),('74447583'),('74449326'),('74449676'),('74453233'),('74453267'),('74453493'),('74453514'),('74455388'),('74458080'),('74459548'),('74460132'),('74461630'),('74465443'),('74465574'),('74468133'),('74469087'),('74470459'),('74471345'),('74471381'),('74474735'),('74477137'),('74479060'),('74479065'),('74482790'),('74487829'),('74487832'),('74490009'),('74490121'),('74490394'),('74491082'),('74491909'),('74492572'),('74493226'),('74493728'),('74493803'),('74494118'),('74494398'),('74496144'),('74499342'),('74500343'),('74500379'),('74500879'),('74503175'),('74505146'),('74526763'),('74528569'),('74528808'),('74528885'),('74530400'),('74530447'),('74531079'),('74531638'),('74531925'),('74532477'),('74532821'),('74533043'),('74536036'),('74536070'),('74536521'),('74537834'),('74538270'),('74540866'),('74541276'),('74541278'),('74544135'),('74544984'),('74545650'),('74545822'),('74546170'),('74554292'),('74556564'),('74557184'),('74557936'),('74560499'),('74562124'),('74563170'),('74563442'),('74565617'),('74565807'),('74566623'),('74568308'),('74568943'),('74569472'),('74571181'),('74571217'),('74571474'),('74571833'),('74571841'),('74571909'),('74571910'),('74573993'),('74574069'),('74576988'),('74578230'),('74578558'),('74580651'),('74580936'),('74581366'),('74581421'),('74581666'),('74581691'),('74582301'),('74582464'),('74583421'),('74583965'),('74583990'),('74584315'),('74584881'),('74584942'),('74584976'),('74585055'),('74585511'),('74586558'),('74587718'),('74590100'),('74591286'),('74592325'),('74592365'),('74593108'),('74597149'),('74597411'),('74597818'),('74598094'),('74598185'),('74598227'),('74598608'),('74598609'),('74598631'),('74598661'),('74599322'),('74599324'),('74599333'),('74599341'),('74605976'),('74608883'),('74610097'),('74610280'),('74610485'),('74610527'),('74610614'),('74610650'),('74610869'),('74611249'),('74613107'),('74613475'),('74613736'),('74614451'),('74619330'),('74619684'),('74624251'),('74624313'),('74626436'),('74628931'),('74628940'),('74628988'),('74629294'),('74629906'),('74629997'),('74630323'),('74631174'),('74631405'),('74631519'),('74631710'),('74634966'),('74635125'),('74636066'),('74636469'),('74636617'),('74636747'),('74636872'),('74636873'),('74636928'),('74637038'),('74639711'),('74639848'),('74640270'),('74640695'),('74640696'),('74640967'),('74641059'),('74641274'),('74641421'),('74641577'),('74641809'),('74641989'),('74641994'),('74642111'),('74642476'),('74642924'),('74643415'),('74643455'),('74643589'),('74643845'),('74644228'),('74644292'),('74644388'),('74644436'),('74644536'),('74645313'),('74645349'),('74645424'),('74645566'),('74645616'),('74645840'),('74645995'),('74647058'),('74647073'),('74647303'),('74648501'),('74648703'),('74648881'),('74648925'),('74648993'),('74649014'),('74649140'),('74649427'),('74649874'),('74649886'),('74650222'),('74650528'),('74650594'),('74651728'),('74652057'),('74653999'),('74654227'),('74654548'),('74655597'),('74657010'),('74659634'),('74659802'),('74660188'),('74660291'),('74661389'),('74662331'),('74662356'),('74690223'),('74691035'),('74692730'),('74693933'),('74694553'),('74695609'),('74695747'),('74695776'),('74695842'),('74695844'),('74695904'),('74697010'),('74698083'),('74698222'),('74698981'),('74699145'),('74699332'),('74699427'),('74699541'),('74699584'),('74699588'),('74699639'),('74699718'),('74699748'),('74699822'),('74700753'),('74700821'),('74700957'),('74701436'),('74702857'),('74702874'),('74703131'),('74703704'),('74704650'),('74704750'),('74704798'),('74704951'),('74705493'),('74705602'),('74708971'),('74709310'),('74709329'),('74709668'),('74709715'),('74709754'),('74709810'),('74709811'),('74709834'),('74710183'),('74710611'),('74710731'),('74710748'),('74711135'),('74711420'),('74711613'),('74711614'),('74711791'),('74712341'),('74712461'),('74712550'),('74712785'),('74712901'),('74713373'),('74713529'),('74713828'),('74714246'),('74714711'),('74714904'),('74714913'),('74715545'),('74715553'),('74715590'),('74716040'),('74716063'),('74716093'),('74716147'),('74716177'),('74716220'),('74716245'),('74716460'),('74716629'),('74716866'),('74717107'),('74717472'),('74717474'),('74717553'),('74717659'),('74717808'),('74717848'),('74717974'),('74718114'),('74718248'),('74718250'),('74718364'),('74718365'),('74718543'),('74718585'),('74718742'),('74718860'),('74719045'),('74719439'),('74720148'),('74720202'),('74721098'),('74721409'),('74721632'),('74722049'),('74722170'),('74722331'),('74723788'),('74724457'),('74725062'),('74725150'),('74725268'),('74726653'),('74726663'),('74726726'),('74726888'),('74726995'),('74727145'),('74728713'),('74729333'),('74729563'),('74729575'),('74730326'),('74730445'),('74731512'),('74731712'),('74733159'),('74733300'),('74733353'),('74733520'),('74733867'),('74733925'),('74734026'),('74734399'),('74734575'),('74734618'),('74734823'),('74735509'),('74736112'),('74737172'),('74738089'),('74738146'),('74741512'),('74741814'),('74741913'),('74742235'),('74743348'),('74743575'),('74743636'),('74743650'),('74743863'),('74743881'),('74744087'),('74744195'),('74744883'),('74744931'),('74745085'),('74745114'),('74745319'),('74745374'),('74745568'),('74747844'),('74747907'),('74747969'),('74748678'),('74748696'),('74748697'),('74749038'),('74749047'),('74749075'),('74749289'),('74749645'),('74750198'),('74750378'),('74750549'),('74753024'),('74753852'),('74753905'),('74754204'),('74754286'),('74754311'),('74754624'),('74754861'),('74754879'),('74754924'),('74754953'),('74755169'),('74755572'),('74755777'),('74758128'),('74758188'),('74758683'),('74758919'),('74759828'),('74760134'),('74760173'),('74760178'),('74760187'),('74760190'),('74760384'),('74760497'),('74761291'),('74762167'),('74762362'),('74762414'),('74762469'),('74762855'),('74762979'),('74763195'),('74763418'),('74763513'),('74763566'),('74763605'),('74766430'),('74766953'),('74766960'),('74767829'),('74768371'),('74768560'),('74768665'),('74768971'),('74769080'),('74769259'),('74769295'),('74770855'),('74772159'),('74772189'),('74772231'),('74772391'),('74772931'),('74774013'),('74774022'),('74774104'),('74774590'),('74776196'),('74777313'),('74777314'),('74779135'),('74779782'),('74780575'),('74780832'),('74783475'),('74783823'),('74786498'),('74795996'),('74801431'),('74802133'),('74802535'),('74802832'),('74802902'),('74803067'),('74805581'),('74806048'),('74806508'),('74807165'),('74807166'),('74807176'),('74807388'),('74807558'),('74807783'),('74807849'),('74807983'),('74808238'),('74808265'),('74809461'),('74809480'),('74809711'),('74809745'),('74809949'),('74810058'),('74810106'),('74810194'),('74810244'),('74810322'),('74810617'),('74811303'),('74812623'),('74812918'),('74813000'),('74813197'),('74813505'),('74813829'),('74813911'),('74813943'),('74814874'),('74814937'),('74815003'),('74815099'),('74815155'),('74815197'),('74815210'),('74815211'),('74815281'),('74815410'),('74816784'),('74817146'),('74817750'),('74819483'),('74820382'),('74820427'),('74820469'),('74821674'),('74822081'),('74822085'),('74823208'),('74823290'),('74823535'),('74823720'),('74823798'),('74824129'),('74824327'),('74824455'),('74825312'),('74825661'),('74825740'),('74826439'),('74826485'),('74827525'),('74828052'),('74829238'),('74829524'),('74829659'),('74829689'),('74829880'),('74831270'),('74831587'),('74831712'),('74832736'),('74833461'),('74833902'),('74833904'),('74834093'),('74834223'),('74834259'),('74834301'),('74834419'),('74834670'),('74834679'),('74834825'),('74834855'),('74835488'),('74835722'),('74836000'),('74836001'),('74836026'),('74836070'),('74836198'),('74836415'),('74836648'),('74836690'),('74836763'),('74836838'),('74839569'),('74839767'),('74839835'),('74840230'),('74840343'),('74840576'),('74840980'),('74841364'),('74841580'),('74841844'),('74841920'),('74842165'),('74842540'),('74842546'),('74842575'),('74842576'),('74842733'),('74842836'),('74843248'),('74843500'),('74843953'),('74844166'),('74844496'),('74845636'),('74845640'),('74846380'),('74846489'),('74846809'),('74846814'),('74846877'),('74846917'),('74847274'),('74847361'),('74847362'),('74847427'),('74847431'),('74847461'),('74847708'),('74847842'),('74847860'),('74847927'),('74848249'),('74848266'),('74848449'),('74848610'),('74848611'),('74848796'),('74849387'),('74849417'),('74849669'),('74850047'),('74850158'),('74850163'),('74851747'),('74851912'),('74852110'),('74853334'),('74854029'),('74854406'),('74854788'),('74854818'),('74854953'),('74858755'),('74861436'),('74862723'),('74862797'),('74862798'),('74862817'),('74864267'),('74864488'),('74864617'),('74864717'),('74864870'),('74864873'),('74865822'),('74865896'),('74866186'),('74867437'),('74868761'),('74869808'),('74869885'),('74869920'),('74870096'),('74870295'),('74870350'),('74870590'),('74870732'),('74871458'),('74871483'),('74871650'),('74871776'),('74872805'),('74872870'),('74872875'),('74873192'),('74873193'),('74873428'),('74874849'),('74874897'),('74875845'),('74875861'),('74876141'),('74877032'),('74877158'),('74877699'),('74877798'),('74877808'),('74877811'),('74877814'),('74877847'),('74877927'),('74879996'),('74879999'),('74880384'),('74880411'),('74880461'),('74880828'),('74880888'),('74882778'),('74882998'),('74883491'),('74884666'),('74884690'),('74884755'),('74885118'),('74885666'),('74886776'),('74886910'),('74887825'),('74887840'),('74887949'),('74888106'),('74888743'),('74889490'),('74889635'),('74889782'),('74890036'),('74890656'),('74891040'),('74891114'),('74891311'),('74891398'),('74892032'),('74892836'),('74892839'),('74893581'),('74894950'),('74895904'),('74896197'),('74896212'),('74896222'),('74896475'),('74897791'),('74898099'),('74898105'),('74898623'),('74898654'),('74898716'),('74899720'),('74899826'),('74900611'),('74900787'),('74901198'),('74901548'),('74901559'),('74902796'),('74903823'),('74904840'),('74905022'),('74905042'),('74905328'),('74906253'),('74906339'),('74906416'),('74906909'),('74906918'),('74907443'),('74908316'),('74908622'),('74908718'),('74908719'),('74908750'),('74909370'),('74909554'),('74910241'),('74910895'),('74911468'),('74911863'),('74912032'),('74912047'),('74912181'),('74912233'),('74912237'),('74912683'),('74913349'),('74915086'),('74915308'),('74915370'),('74915417'),('74915751'),('74916137'),('74916138'),('74916283'),('74916827'),('74916952'),('74916956'),('74918090'),('74918122'),('74918726'),('74918850'),('74918905'),('74919218'),('74919755'),('74921009'),('74921025'),('74921442'),('74922103'),('74922757'),('74923660'),('74925222'),('74925476'),('74926661'),('74926817'),('74926850'),('74927538'),('74927865'),('74928221'),('74928484'),('74928674'),('74928770'),('74929789'),('74929857'),('74930220'),('74930382'),('74931061'),('74931321'),('74931395'),('74932430'),('74933143'),('74934140'),('74934559'),('74935142'),('74935166'),('74935793'),('74939018'),('74939053'),('74940867'),('74940942'),('74941513'),('74941699'),('74943001'),('74943315'),('74944213'),('74944518'),('74945730'),('74948029'),('74949122'),('74950642'),('74951261'),('74951949'),('74953634'),('74953763'),('74954339'),('74954405'),('74954562'),('74955137'),('74957017'),('74957475'),('74959442'),('74959547'),('74960004'),('74960698'),('74960804'),('74961647'),('74961863'),('74962571'),('74963353'),('74964749'),('74964948'),('74965437'),('74965545'),('74965774'),('74966127'),('74966128'),('74966132'),('74966142'),('74966467'),('74966585'),('74966604'),('74966671'),('74967603'),('74967780'),('74968066'),('74968072'),('74968085'),('74968233'),('74968348'),('74968937'),('74969018'),('74969663'),('74970829'),('74970865'),('74971122'),('74971644'),('74971794'),('74971960'),('74971988'),('74972293'),('74972684'),('74972809'),('74972889'),('74973006'),('74973059'),('74973069'),('74973369'),('74973452'),('74973471'),('74973908'),('74975722'),('74976178'),('74976314'),('74977574'),('74982181'),('74983943'),('74984002'),('74987320'),('74987829'),('74988976'),('74989565'),('74989646'),('74989656'),('74990242'),('74990946'),('74991067'),('74991715'),('74993787'),('74993792'),('74994250'),('74994255'),('74995408'),('74996006'),('74996112'),('74996225'),('74996971'),('74997291'),('74997871'),('74997949'),('74998065'),('74998084'),('74998177'),('74998181'),('74999196'),('75001029'),('75001983'),('75003060'),('75004425'),('75009788'),('75009800'),('75010163'),('75011626'),('75011913'),('75012974'),('75013001'),('75013053'),('75013127'),('75013191'),('75013367'),('75013403'),('75014259'),('75014263'),('75014556'),('75014734'),('75014849'),('75015027'),('75015226'),('75015339'),('75015992'),('75016906'),('75016975'),('75017488'),('75025073'),('7503504'),('75039093'),('75041594'),('75044314'),('75044342'),('75046529'),('75046530'),('75046828'),('75046867'),('75046881'),('75046952'),('75047066'),('75048870'),('75050222'),('75051329'),('75052391'),('75056263'),('75056824'),('75057261'),('75058072'),('75058381'),('75059430'),('75062764'),('75063855'),('75065282'),('75065363'),('75067157'),('75067321'),('75067350'),('75067419'),('75067458'),('75067461'),('75067606'),('75067801'),('75068243'),('75068922'),('75068944'),('75070220'),('75070277'),('75070503'),('75071680'),('75071801'),('75072124'),('75073824'),('75073839'),('75074621'),('75074849'),('75074964'),('75075053'),('75077260'),('75077262'),('75077979'),('75079908'),('75080739'),('75080775'),('75081160'),('75082991'),('75083090'),('75083126'),('75083516'),('75085447'),('75087352'),('75087394'),('75087440'),('75088717'),('75088725'),('75089052'),('75090399'),('75090415'),('75090463'),('75091428'),('75091683'),('75093667'),('75093730'),('75093805'),('75095126'),('75095209'),('75095250'),('75095297'),('75095315'),('75095397'),('75095535'),('75095740'),('75095781'),('75096302'),('75096378'),('75096716'),('75096815'),('75098532'),('75102915'),('75103930'),('75104757'),('75105808'),('75105888'),('75105960'),('75106106'),('75106172'),('75107157'),('75107368'),('75107701'),('75109628'),('75109703'),('75110005'),('75110057'),('75110058'),('75110222'),('75110296'),('75110691'),('75111000'),('75111202'),('75113011'),('75116064'),('75116455'),('75116675'),('75116893'),('75120125'),('75120305'),('75122239'),('75122255'),('75122912'),('75123151'),('75124066'),('75127226'),('75128988'),('75129187'),('75129565'),('75130733'),('75131681'),('75132019'),('75132137'),('75132530'),('75132575'),('75132923'),('75134261'),('75135892'),('75136772'),('75136800'),('75137481'),('75137965'),('75138152'),('75138372'),('75138394'),('75138469'),('75138577'),('75138579'),('75138684'),('75138739'),('75138844'),('75138946'),('75140519'),('75141317'),('75142025'),('75142290'),('75143368'),('75143555'),('75143765'),('75144318'),('75149494'),('75149598'),('75149797'),('75149811'),('75149964'),('75150343'),('75150359'),('75150366'),('75151483'),('75151963'),('75152149'),('75152556'),('75152585'),('75152884'),('75153014'),('75153657'),('75154083'),('75154967'),('75155021'),('75157069'),('75157964'),('75158384'),('75158530'),('75161842'),('75162043'),('75163762'),('75163986'),('75164571'),('75164586'),('75164619'),('75166474'),('75166971'),('75168507'),('75169055'),('75169235'),('75169848'),('75170790'),('75170882'),('75171241'),('75171462'),('75171898'),('75173208'),('75173686'),('75173802'),('75174058'),('75174432'),('75174469'),('75174517'),('75176427'),('75178720'),('75178956'),('75179775'),('75179891'),('75180161'),('75180162'),('75180195'),('75181710'),('75183247'),('75185241'),('75185526'),('75187470'),('75187679'),('75187766'),('75187789'),('75187978'),('75188237'),('75188793'),('75188895'),('75188949'),('75190128'),('75190992'),('75191287'),('75191373'),('75192023'),('75193460'),('75194230'),('75194982'),('75197160'),('75198227'),('75198273'),('75198343'),('75198427'),('75198522'),('75199010'),('75199177'),('75199191'),('75199337'),('75199573'),('75199694'),('75199701'),('75199736'),('75199767'),('75200634'),('75200649'),('75200698'),('75201146'),('75201297'),('75201559'),('75201632'),('75201668'),('75201783'),('75201807'),('75201849'),('75202281'),('75202283'),('75202499'),('75202511'),('75202940'),('75203842'),('75204500'),('75205967'),('75206003'),('75207071'),('75207709'),('75210380'),('75210804'),('75210954'),('75211784'),('75211860'),('75212085'),('75212312'),('75212386'),('75212434'),('75212847'),('75214031'),('75214545'),('75215123'),('75215406'),('75216817'),('75216869'),('75216878'),('75217037'),('75218308'),('75220262'),('75220394'),('75220808'),('75220835'),('75221031'),('75221925'),('75221968'),('75222017'),('75222344'),('75222676'),('75223411'),('75223738'),('75223800'),('75223816'),('75223951'),('75224034'),('75224136'),('75224247'),('75224811'),('75225005'),('75225952'),('75227969'),('75228064'),('75228234'),('75228388'),('75228398'),('75228602'),('75229061'),('75229071'),('75229106'),('75229640'),('75230318'),('75232384'),('75234115'),('75234222'),('75234376'),('75234846'),('75235064'),('75235247'),('75235478'),('75235491'),('75236575'),('75236754'),('75236937'),('75237096'),('75238884'),('75239246'),('75239419'),('75239479'),('75239802'),('75239928'),('75240206'),('75241010'),('75241183'),('75242859'),('75242865'),('75242981'),('75243513'),('75243681'),('75243956'),('75244024'),('75244348'),('75244479'),('75244496'),('75244681'),('75245019'),('75245023'),('75245856'),('75246374'),('75246779'),('75248751'),('75249658'),('75249675'),('75252619'),('75254149'),('75254672'),('75254881'),('75255151'),('75255277'),('75255322'),('75255653'),('75255857'),('75255944'),('75256637'),('75257375'),('75257378'),('75258739'),('75258840'),('75259474'),('75259909'),('75260570'),('75261058'),('75261151'),('75261728'),('75261744'),('75262841'),('75262991'),('75265102'),('75266831'),('75266886'),('75267060'),('75267184'),('75267269'),('75267686'),('75267746'),('75267872'),('75267966'),('75268004'),('75268043'),('75268316'),('75268395'),('75268448'),('75268899'),('75269436'),('75270679'),('75271914'),('75272049'),('75272771'),('75272811'),('75274025'),('75274903'),('75275068'),('75275148'),('75275484'),('75276820'),('75278355'),('75279304'),('75280631'),('75280810'),('75281001'),('75281101'),('75281576'),('75281839'),('75282155'),('75282620'),('75283419'),('75283543'),('75284249'),('75284388'),('75284580'),('75284667'),('75285143'),('75285729'),('75286299'),('75286831'),('75287246'),('75287393'),('75287475'),('75287649'),('75287651'),('75292230'),('75292688'),('75293518'),('75298840'),('75308788'),('75308962'),('75309110'),('75309131'),('75309198'),('75309199'),('75309556'),('75309690'),('75310420'),('75310559'),('75310560'),('75311045'),('75311555'),('75311930'),('75312094'),('75315134'),('75315697'),('75315980'),('75317014'),('75317270'),('75318216'),('75318439'),('75318752'),('75320385'),('75322146'),('75323291'),('75323576'),('75325441'),('75325968'),('75325972'),('75326044'),('75326089'),('75326295'),('75326418'),('75328392'),('75328560'),('75328610'),('75328723'),('75328736'),('75329079'),('75329134'),('75329178'),('75330488'),('75332249'),('75332251'),('75332773'),('75334056'),('75334135'),('75334362'),('75336599'),('75336634'),('75336917'),('75338274'),('75340926'),('75341166'),('75341549'),('75343324'),('75343339'),('75343675'),('75343807'),('75343928'),('75344095'),('75344213'),('75344255'),('75344264'),('75344537'),('75345154'),('75345392'),('75346015'),('75346029'),('75346163'),('75346408'),('75346773'),('75346988'),('75348145'),('75349195'),('75349913'),('75349934'),('75349941'),('75349957'),('75350152'),('75350440'),('75350458'),('75350728'),('75350779'),('75350862'),('75351393'),('75351557'),('75351785'),('75351877'),('75352050'),('75352248'),('75352272'),('75352348'),('75353507'),('75354041'),('75354651'),('75354740'),('75355581'),('75355668'),('75356358'),('75356620'),('75356714'),('75356922'),('75357073'),('75357184'),('75357406'),('75357566'),('75357591'),('75357895'),('75358144'),('75358183'),('75358476'),('75359129'),('75359521'),('75359591'),('75360055'),('75360740'),('75361024'),('75361196'),('75361541'),('75361734'),('75361803'),('75361881'),('75368131'),('75368345'),('75368466'),('75368482'),('75368585'),('75368619'),('75369285'),('75370718'),('75370790'),('75371330'),('75371746'),('75371867'),('75371915'),('75372056'),('75372878'),('75373758'),('75374336'),('75374372'),('75374445'),('75375746'),('75375938'),('75378438'),('75378523'),('75378531'),('75378535'),('75378949'),('75379164'),('75379165'),('75379510'),('75379692'),('75379862'),('75381551'),('75381562'),('75381712'),('75381811'),('75381828'),('75381848'),('75382078'),('75382506'),('75382995'),('75383903'),('75384080'),('75384546'),('75385166'),('75385482'),('75385770'),('75387838'),('75388388'),('75388655'),('75388870'),('75388960'),('75389892'),('75391162'),('75391264'),('75391267'),('75391583'),('75391794'),('75392701'),('75393108'),('75393117'),('75393294'),('75393633'),('75393670'),('75394005'),('75394075'),('75396275'),('75396601'),('75397745'),('75397870'),('75398517'),('75399089'),('75399292'),('75399368'),('75399791'),('75399882'),('75399926'),('75399930'),('75399951'),('75400042'),('75400325'),('75400469'),('75401547'),('75401742'),('75402194'),('75403282'),('75403373'),('75404405'),('75404785'),('75405044'),('75405980'),('75406004'),('75406188'),('75406495'),('75406534'),('75406702'),('75406825'),('75407064'),('75408095'),('75408475'),('75409045'),('75409106'),('75409162'),('75409282'),('75409310'),('75409915'),('75409965'),('75410124'),('75410772'),('75411015'),('75411643'),('75411689'),('75412004'),('75412115'),('75412132'),('75413373'),('75413746'),('75414161'),('75414852'),('75415007'),('75415244'),('75415628'),('75416515'),('75416697'),('75417402'),('75417656'),('75419076'),('75419120'),('75419400'),('75419558'),('75419701'),('75419764'),('75420361'),('75421229'),('75421256'),('75421267'),('75421734'),('75423092'),('75423965'),('75424679'),('75424857'),('75425761'),('75425947'),('75426393'),('75426955'),('75427083'),('75427084'),('75427723'),('75428563'),('75428862'),('75429180'),('75430182'),('75431256'),('75431282'),('75431439'),('75431485'),('75432050'),('75432058'),('75432084'),('75432273'),('75432315'),('75432353'),('75432826'),('75432899'),('75432994'),('75433366'),('75434230'),('75435177'),('75435287'),('75435309'),('75435390'),('75435484'),('75435766'),('75436168'),('75436561'),('75436608'),('75436630'),('75436645'),('75437083'),('75437156'),('75437263'),('75437952'),('75438427'),('75439153'),('75439184'),('75439305'),('75439320'),('75439370'),('75439442'),('75439520'),('75440149'),('75440242'),('75440319'),('75440323'),('75440405'),('75441087'),('75441216'),('75441261'),('75441650'),('75444307'),('75446749'),('75446812'),('75447156'),('75450509'),('75450611'),('75450617'),('75450926'),('75451212'),('75451495'),('75451957'),('75454963'),('75455075'),('75455134'),('75455415'),('75455422'),('75455632'),('75455967'),('75455990'),('75456140'),('75456641'),('75456648'),('75456763'),('75457026'),('75457990'),('75460327'),('75462431'),('75462741'),('75464659'),('75466056'),('75467736'),('75467931'),('75467989'),('75468093'),('75468122'),('75468248'),('75471256'),('75473479'),('75473480'),('75474983'),('75476193'),('75476958'),('75476994'),('75477083'),('75477161'),('75477596'),('75477734'),('75477764'),('75477816'),('75477919'),('75478451'),('75478595'),('75478603'),('75479465'),('75480089'),('75480093'),('75480844'),('75481176'),('75481867'),('75481884'),('75486028'),('75486869'),('75487412'),('75487768'),('75487835'),('75488287'),('75488610'),('75488611'),('75488659'),('75488881'),('75488882'),('75490925'),('75490989'),('75491076'),('75491422'),('75492317'),('75493264'),('75495288'),('75495917'),('75496108'),('75496421'),('75496461'),('75496589'),('75496750'),('75499895'),('75500528'),('75503754'),('75504249'),('75504257'),('75504263'),('75504318'),('75504331'),('75504346'),('75504414'),('75504465'),('75504483'),('75504728'),('75504859'),('75504980'),('75505003'),('75505269'),('75505405'),('75505751'),('75506773'),('75506778'),('75506860'),('75506917'),('75507099'),('75507373'),('75507410'),('75507433'),('75507709'),('75507814'),('75508246'),('75508598'),('75508994'),('75509268'),('75509865'),('75509867'),('75510725'),('75511205'),('75512470'),('75512758'),('75514073'),('75514098'),('75514523'),('75515586'),('75515834'),('75516482'),('75517383'),('75517491'),('75518735'),('75519651'),('75519741'),('75520352'),('75520785'),('75521329'),('75521669'),('75524009'),('75524810'),('75524964'),('75525136'),('75525171'),('75525414'),('75526128'),('75526602'),('75526837'),('75527983'),('75527984'),('75528098'),('75528563'),('75530486'),('75531869'),('75533123'),('75533527'),('75533597'),('75533622'),('75534046'),('75534499'),('75534555'),('75534623'),('75534779'),('75534814'),('75535044'),('75535388'),('75536604'),('75536871'),('75538041'),('75538099'),('75538100'),('75538427'),('75538633'),('75538895'),('75539141'),('75539241'),('75539242'),('75539639'),('75540070'),('75540769'),('75540955'),('75541246'),('75545554'),('75545569'),('75546224'),('75548355'),('75549048'),('75549134'),('75549151'),('75549261'),('75549273'),('75549507'),('75550591'),('75551087'),('75551252'),('75551404'),('75552257'),('75552568'),('75552790'),('75552956'),('75553789'),('75553795'),('75554088'),('75555157'),('75556453'),('75558208'),('75558225'),('75558792'),('75559621'),('75561696'),('75562423'),('75564821'),('75565015'),('75565078'),('75565535'),('75565549'),('75565792'),('75565894'),('75566770'),('75567061'),('75567477'),('75568619'),('75568981'),('75569000'),('75569536'),('75569992'),('75570478'),('75572275'),('75572361'),('75572825'),('75573296'),('75573880'),('75574330'),('75575368'),('75575806'),('75576608'),('75578459'),('75579243'),('75579935'),('75580942'),('75582993'),('75584059'),('75584101'),('75585126'),('75585715'),('75586864'),('75587325'),('75587333'),('75587934'),('75588516'),('75588533'),('75590287'),('75590400'),('75591128'),('75591160'),('75592505'),('75592610'),('75592691'),('75593098'),('75593151'),('75593208'),('75593454'),('75593616'),('75594765'),('75595029'),('75595924'),('75596042'),('75596906'),('75598277'),('75599317'),('75599805'),('75602227'),('75602972'),('75603893'),('75604714'),('75605061'),('75605233'),('75605723'),('75605984'),('75606424'),('75606430'),('75607527'),('75607571'),('75607702'),('75607875'),('75607954'),('75607988'),('75608085'),('75609363'),('75610544'),('75610569'),('75610582'),('75610583'),('75610607'),('75610705'),('75610708'),('75610974'),('75611377'),('75611766'),('75611775'),('75612086'),('75612411'),('75613454'),('75613676'),('75613684'),('75615082'),('75615086'),('75615170'),('75615836'),('75616688'),('75616815'),('75616867'),('75618031'),('75618266'),('75618377'),('75619150'),('75619210'),('75620344'),('75620381'),('75620535'),('75621009'),('75621010'),('75621915'),('75622308'),('75623421'),('75624022'),('75624024'),('75624273'),('75625916'),('75626146'),('75626202'),('75627120'),('75627838'),('75628097'),('75628991'),('75629211'),('75641566'),('75650777'),('75651625'),('75652391'),('75652460'),('75654427'),('75654885'),('75654887'),('75655044'),('75656299'),('75656711'),('75657090'),('75657927'),('75658017'),('75659374'),('75659504'),('75663336'),('75663369'),('75664095'),('75664161'),('75664172'),('75664238'),('75664285'),('75664711'),('75664829'),('75665875'),('75666646'),('75666748'),('75668862'),('75668873'),('75670229'),('75671226'),('75672649'),('75675398'),('75675639'),('75677719'),('75677757'),('75677772'),('75677881'),('75677935'),('75678023'),('75678142'),('75678875'),('75678899'),('75678946'),('75679066'),('75679118'),('75679226'),('75679323'),('75679383'),('75680146'),('75680827'),('75681943'),('75681995'),('75685196'),('75686128'),('75686494'),('75686688'),('75686847'),('75687017'),('75688262'),('75691014'),('75692094'),('75692461'),('75692690'),('75694451'),('75694676'),('75695087'),('75695096'),('75696619'),('75699897'),('75702580'),('75703056'),('75703677'),('75705520'),('75709475'),('75711409'),('75711808'),('75712277'),('75713121'),('75713486'),('75714669'),('75715118'),('75717123'),('75718608'),('75719148'),('75722178'),('75723462'),('75728985'),('75732706'),('75733492'),('75734873'),('75736994'),('75739012'),('75739818'),('75739819'),('75741964'),('75743264'),('75743763'),('75743988'),('75744217'),('75744263'),('75744629'),('75744685'),('75745368'),('75745398'),('75748192'),('75749463'),('75750272'),('75751862'),('75755528'),('75757289'),('75759141'),('75759607'),('75760691'),('75761657'),('75763457'),('75764385'),('75764405'),('75764647'),('75765754'),('75767518'),('75769020'),('75776055'),('75776206'),('75781232'),('75782578'),('75782873'),('75783260'),('75784240'),('75784369'),('75784371'),('75784984'),('75786874'),('75787180'),('75787182'),('75788101'),('75788240'),('75791219'),('75792396'),('75797116'),('75800395'),('75800703'),('75802976'),('75803326'),('75806367'),('75806381'),('75806389'),('75808724'),('75812072'),('75813115'),('75813384'),('75813889'),('75817699'),('75818275'),('75819575'),('75819666'),('75819678'),('75820412'),('75823891'),('75825260'),('75825850'),('75826867'),('75827326'),('75830339'),('75834755'),('75835044'),('75835972'),('75838658'),('75841225'),('75842539'),('75844233'),('75845302'),('75846131'),('75846394'),('75846697'),('75846757'),('75847430'),('75847664'),('75850069'),('75850697'),('75850911'),('75851217'),('75851852'),('75852117'),('75852578'),('75852660'),('75852721'),('75853848'),('75854317'),('75854676'),('75854858'),('75856656'),('75857191'),('75858078'),('75858174'),('75858450'),('75858498'),('75858504'),('75859831'),('75860376'),('75860445'),('75861229'),('75862648'),('75863322'),('75868526'),('75868552'),('75868773'),('75868847'),('75869085'),('75869371'),('75870289'),('75870304'),('75870359'),('75870687'),('75872212'),('75873539'),('75876683'),('75876688'),('75876703'),('75877509'),('75877511'),('75879483'),('75879614'),('75882196'),('75886440'),('75886578'),('75886783'),('75887174'),('75887178'),('75888150'),('75888749'),('75889051'),('75890096'),('75890584'),('75890822'),('75890978'),('75891223'),('75891394'),('75891513'),('75891960'),('75896296'),('75896753'),('75896800'),('75896894'),('75897147'),('75897318'),('75897331'),('75897711'),('75897780'),('75898217'),('75900723'),('75901273'),('75902314'),('75904258'),('75905122'),('75905246'),('75905734'),('75906009'),('75906065'),('75906069'),('75906337'),('75906589'),('75907835'),('75908070'),('75911131'),('75912302'),('75912722'),('75913028'),('75913747'),('75913833'),('75914209'),('75914432'),('75914793'),('75914997'),('75914998'),('75915116'),('75915378'),('75915803'),('75916816'),('75917129'),('75920287'),('75920983'),('75921037'),('75921189'),('75921621'),('75922070'),('75922875'),('75925053'),('75925228'),('75925576'),('75925999'),('75926856'),('75926857'),('75927657'),('75928484'),('75929346'),('75929422'),('75929467'),('75929500'),('75929732'),('75929790'),('75929876'),('75930187'),('75930253'),('75930304'),('75930437'),('75930458'),('75930711'),('75932375'),('75932724'),('75932820'),('75933831'),('75935835'),('75936751'),('75937425'),('75939943'),('75939946'),('75940069'),('75940528'),('75944068'),('75944990'),('75945690'),('75946412'),('75946419'),('75947729'),('75947810'),('75948806'),('75950400'),('75950545'),('75951433'),('75951456'),('75951718'),('75951723'),('75953188'),('75956689'),('75956727'),('75957174'),('75958406'),('75959420'),('75959524'),('75959560'),('75959613'),('75959825'),('75960163'),('75960169'),('75960257'),('75960629'),('75961523'),('75962890'),('75963237'),('75964000'),('75964432'),('75965223'),('75965679'),('75965889'),('75966135'),('75966691'),('75966751'),('75966922'),('75967555'),('75967740'),('75967754'),('75967866'),('75967895'),('75969480'),('75969709'),('75970594'),('75970719'),('75972229'),('75973494'),('75973502'),('75973549'),('75973739'),('75973742'),('75976058'),('75976717'),('75977148'),('75977596'),('75978491'),('75978494'),('75978832'),('75978848'),('75978874'),('75978891'),('75979003'),('75979047'),('75979261'),('75979516'),('75981129'),('75981130'),('75981902'),('75983042'),('75984315'),('75984342'),('75984482'),('75985017'),('75985107'),('75985179'),('75985291'),('75985440'),('75985542'),('75987161'),('75987313'),('75987332'),('75988264'),('75988809'),('75991388'),('75993664'),('75993731'),('75994087'),('75994092'),('75994151'),('75994195'),('75997544'),('75998944'),('75999460'),('75999614'),('75999658'),('75999843'),('75999862'),('76000008'),('76000601'),('76001065'),('76001066'),('76001509'),('76002291'),('76003495'),('76003885'),('76008190'),('76011405'),('76011630'),('76011635'),('76011895'),('76012225'),('76012735'),('76016001'),('76016171'),('76016514'),('76016716'),('76016901'),('76016903'),('76017202'),('76019599'),('76019883'),('76022259'),('76022609'),('76022679'),('76023241'),('76023435'),('76023718'),('76023821'),('76024170'),('76024176'),('76024182'),('76024385'),('76024836'),('76027271'),('76027965'),('76028785'),('76029749'),('76029976'),('76030831'),('76031283'),('76034528'),('76034736'),('76035423'),('76035427'),('76035587'),('76035929'),('76037029'),('76038526'),('76038939'),('76042085'),('76042356'),('76042425'),('76043085'),('76043986'),('76047008'),('76047252'),('76049664'),('76050433'),('76051456'),('76051502'),('76054168'),('76055561'),('76056478'),('76056519'),('76056811'),('76057178'),('76057297'),('76057733'),('76059718'),('76060107'),('76060590'),('76060642'),('76060979'),('76061857'),('76066095'),('76066304'),('76067550'),('76071011'),('76073595'),('76076015'),('76077085'),('76077340'),('76077659'),('76077972'),('76079262'),('76079270'),('76079310'),('76079312'),('76082794'),('76083205'),('76086109'),('76086457'),('76088453'),('76090351'),('76090568'),('76092329'),('76092754'),('76092858'),('76092915'),('76094656'),('76096021'),('76096098'),('76098316'),('76098551'),('76098678'),('76098778'),('76098993'),('76099044'),('76099056'),('76102149'),('76104786'),('76110649'),('76114427'),('76114634'),('76116989'),('76119766'),('76122171'),('76122419'),('76122552'),('76122612'),('76122991'),('76123211'),('76123555'),('76124534'),('76124990'),('76125464'),('76130333'),('76130689'),('76131343'),('76131562'),('76131681'),('76131706'),('76131711'),('76131731'),('76132234'),('76133432'),('76136768'),('76137009'),('76139914'),('76139986'),('76140078'),('76140421'),('76144915'),('76145955'),('76146790'),('76146853'),('76147006'),('76147007'),('76147691'),('76148291'),('76149870'),('76151869'),('76153264'),('76153408'),('76153741'),('76155181'),('76157445'),('76158218'),('76159017'),('76159170'),('76159809'),('76160105'),('76160317'),('76162163'),('76162522'),('76163157'),('76165492'),('76165810'),('76165928'),('76166666'),('76170332'),('76170522'),('76171897'),('76173550'),('76173551'),('76173907'),('76174359'),('76175189'),('76175761'),('76176210'),('76176668'),('76176940'),('76176963'),('76178285'),('76178367'),('76178427'),('76178443'),('76178532'),('76179190'),('76179439'),('76180188'),('76180928'),('76182961'),('76183025'),('76183167'),('76183675'),('76183742'),('76184569'),('76184598'),('76184652'),('76185471'),('76186335'),('76188724'),('76189874'),('76189894'),('76190420'),('76192013'),('76192177'),('76192380'),('76192489'),('76194119'),('76194480'),('76194499'),('76194824'),('76196427'),('76198767'),('76199609'),('76199691'),('76200608'),('76201259'),('76201629'),('76201851'),('76202002'),('7620257'),('76203638'),('76204138'),('76204398'),('76204666'),('76205255'),('76206468'),('76206857'),('76206866'),('76211441'),('76211808'),('76211835'),('76213292'),('76214677'),('76214905'),('76216434'),('76216848'),('76216935'),('76216987'),('76217281'),('76217582'),('76217593'),('76217699'),('76218495'),('76219304'),('76219542'),('76219673'),('76219681'),('76219856'),('76219865'),('76220010'),('76220161'),('76221830'),('76225743'),('76225894'),('76225989'),('76226358'),('76226596'),('76227373'),('76227692'),('76228402'),('76228511'),('76229404'),('76229889'),('76231138'),('76231624'),('76231628'),('76231735'),('76231847'),('76232412'),('76234421'),('76234512'),('76234555'),('76234729'),('76234750'),('76235079'),('76239314'),('76240071'),('76240902'),('76241857'),('76242467'),('76242485'),('76243652'),('76244791'),('76244823'),('76244968'),('76245421'),('76245422'),('76246200'),('76246248'),('76247963'),('76249456'),('76250900'),('76252824'),('76253041'),('76254581'),('76256149'),('76256447'),('76258019'),('76258502'),('76260126'),('76262163'),('76262391'),('76262644'),('76263064'),('76263247'),('76263684'),('76263808'),('76263967'),('76264306'),('76267486'),('76272181'),('76272512'),('76272745'),('76272923'),('76272995'),('76276496'),('76276814'),('76276823'),('76276887'),('76277198'),('76277270'),('76277848'),('76277882'),('76278085'),('76278873'),('76278980'),('76279003'),('76279026'),('76279505'),('76280401'),('76281364'),('76282417'),('76282760'),('76282767'),('76282978'),('76283188'),('76283468'),('76283542'),('76283989'),('76284243'),('76284446'),('76284692'),('76284824'),('76285082'),('76286128'),('76286723'),('76286916'),('76286943'),('76287025'),('76287454'),('76288092'),('76288549'),('76290185'),('76290257'),('76290270'),('76290342'),('76290580'),('76291227'),('76291340'),('76291409'),('76291729'),('76294196'),('76295740'),('76295812'),('76296059'),('76296319'),('76296335'),('76299181'),('76299288'),('76299390'),('76299549'),('76299818'),('76300103'),('76300105'),('76300280'),('76300616'),('76300797'),('76301193'),('76302299'),('76302553'),('76302820'),('76303603'),('76304346'),('76304347'),('76305095'),('76305711'),('76305712'),('76305926'),('76306329'),('76309362'),('76309496'),('76310165'),('76310234'),('76310352'),('76310971'),('76312998'),('76314187'),('76315667'),('76315809'),('76316286'),('76317236'),('76317958'),('76319366'),('76319789'),('76319914'),('76322442'),('76322643'),('76322656'),('76323857'),('76324185'),('76324370'),('76324416'),('76325903'),('76326636'),('76327447'),('76327741'),('76329319'),('76329355'),('76329610'),('76330699'),('76331579'),('76333305'),('76334163'),('76334166'),('76334466'),('76335554'),('76335839'),('76335878'),('76335980'),('76341140'),('76341353'),('76342377'),('76342915'),('76344624'),('76344633'),('76344696'),('76348532'),('76349337'),('76350018'),('76350640'),('76351801'),('76351999'),('76352315'),('76353355'),('76353836'),('76354123'),('76354297'),('76355389'),('76355639'),('76356060'),('76356263'),('76356753'),('76357155'),('76361446'),('76361533'),('76362152'),('76364805'),('76365001'),('76366696'),('76367033'),('76367341'),('76368456'),('76369537'),('76369721'),('76370417'),('76370512'),('76371716'),('76372913'),('76373045'),('76373377'),('76374155'),('76374822'),('76375031'),('76375126'),('76375243'),('76377826'),('76378096'),('76378098'),('76378669'),('76379523'),('76379773'),('76379797'),('76380244'),('76383340'),('76384162'),('76384180'),('76384598'),('76385210'),('76385433'),('76385844'),('76386665'),('76386699'),('76388439'),('76388477'),('76390345'),('76390375'),('76390675'),('76391046'),('76391250'),('76391314'),('76391771'),('76391964'),('76391968'),('76392165'),('76395215'),('76395283'),('76396267'),('76396665'),('76396695'),('76396717'),('76398123'),('76399801'),('76400674'),('76400892'),('76400948'),('76401014'),('76401073'),('76401218'),('76401367'),('76404877'),('76405066'),('76405902'),('76406119'),('76407165'),('76407472'),('76407481'),('76408327'),('76410677'),('76412280'),('76412965'),('76414087'),('76415706'),('76415707'),('76416684'),('76417260'),('76417915'),('76418287'),('76420418'),('76420464'),('76420714'),('76420778'),('76423039'),('76427123'),('76428109'),('76428346'),('76428389'),('76428616'),('76429097'),('76429202'),('76432654'),('76432949'),('76433256'),('76437934'),('76438251'),('76439454'),('76439856'),('76439910'),('76445369'),('76447388'),('76448154'),('76448232'),('76448517'),('76448661'),('76448666'),('76449212'),('76451260'),('76452219'),('76452616'),('76455226'),('76455247'),('76455261'),('76455634'),('76457395'),('76457904'),('76458738'),('76459089'),('76459264'),('76460680'),('76460846'),('76461725'),('76462925'),('76464828'),('76465725'),('76466563'),('76470473'),('76472064'),('76472201'),('76472701'),('76472845'),('76472981'),('76474446'),('76478478'),('76478481'),('76478864'),('76479043'),('76481214'),('76481309'),('76481310'),('76483828'),('76500202'),('76502753'),('76503116'),('76503333'),('76503720'),('76505184'),('76505211'),('76506268'),('76506524'),('76507891'),('76508126'),('76509277'),('76510166'),('76511094'),('76513446'),('76513745'),('76515482'),('76517261'),('76517523'),('76518087'),('76519476'),('76521202'),('76523375'),('76524180'),('76525061'),('76526205'),('76526362'),('76527178'),('76527663'),('76528238'),('76528660'),('76528963'),('76529514'),('76530475'),('76531848'),('76531925'),('76532464'),('76532742'),('76534765'),('76534776'),('76534929'),('76534955'),('76535010'),('76535296'),('76535372'),('76535577'),('76537764'),('76538731'),('76539854'),('76540704'),('76541273'),('76541446'),('76541562'),('76541615'),('76541641'),('76541797'),('76542191'),('76543768'),('76545530'),('76546451'),('76547416'),('76548319'),('76548567'),('76548786'),('76548806'),('76549117'),('76550165'),('76552487'),('76553142'),('76553200'),('76553265'),('76557180'),('76557861'),('76560178'),('76562204'),('76562995'),('76566101'),('76566252'),('76566775'),('76566786'),('76567035'),('76567696'),('76567708'),('76568130'),('76568694'),('76569196'),('76570857'),('76571983'),('76572955'),('76575289'),('76575814'),('76576355'),('76578319'),('76578807'),('76578973'),('76579461'),('76580504'),('76581569'),('76584299'),('76585629'),('76586370'),('76587172'),('76587230'),('76587405'),('76588074'),('76588200'),('76588252'),('76588483'),('76588722'),('76589005'),('76589122'),('76589276'),('76589723'),('76589826'),('76589834'),('76590998'),('76593594'),('76594692'),('76595259'),('76598215'),('76599224'),('76599261'),('76600715'),('76600976'),('76601901'),('76602114'),('76602703'),('76602798'),('76606027'),('76606878'),('76606939'),('76607086'),('76607394'),('76607623'),('76607624'),('76607736'),('76608109'),('76608433'),('76608768'),('76608982'),('76609010'),('76609787'),('76611732'),('76613149'),('76614667'),('76614986'),('76615086'),('76615107'),('76615180'),('76615969'),('76616152'),('76616157'),('76616621'),('76616737'),('76617308'),('76618721'),('76621100'),('76621175'),('76622021'),('76622523'),('76622530'),('76624301'),('76624399'),('76624464'),('76624638'),('76624813'),('76627621'),('76631960'),('76632038'),('76633417'),('76633733'),('76634448'),('76634696'),('76635221'),('76639504'),('76639886'),('76640106'),('76640424'),('76640442'),('76640705'),('76640850'),('76642644'),('76643589'),('76643871'),('76644125'),('76644974'),('76645187'),('76647159'),('76648570'),('76649715'),('76649777'),('76651281'),('76652178'),('76652206'),('76652752'),('76653496'),('76655672'),('76658179'),('76658952'),('76659144'),('76660301'),('76660976'),('76661227'),('76663251'),('76665636'),('76666572'),('76670903'),('76671001'),('76678941'),('76680794'),('76680991'),('76682132'),('76684868'),('76685228'),('76685285'),('76686437'),('76687774'),('76689027'),('76691230'),('76694500'),('76697765'),('76698264'),('76698870'),('76700548'),('76710785'),('76712156'),('76723293'),('76726628'),('76728701'),('76731670'),('76734821'),('76735490'),('76735600'),('76735603'),('76737515'),('76738129'),('76741891'),('76742640'),('76744026'),('76745198'),('76746832'),('76746949'),('76747694'),('76749486'),('76753110'),('76754624'),('76754864'),('76754917'),('76755149'),('76755152'),('76755208'),('76757287'),('76758204'),('76762444'),('76762499'),('76764719'),('76765215'),('76766250'),('76770026'),('76770245'),('76771019'),('76771144'),('76771561'),('76772399'),('76773102'),('76773612'),('76774419'),('76775115'),('76775156'),('76777762'),('76778195'),('7677907'),('76780058'),('76783493'),('76783606'),('76783609'),('76783965'),('76784414'),('76785347'),('76786597'),('76787319'),('76787958'),('76791383'),('76791999'),('76792130'),('76792987'),('76793166'),('76793218'),('76793238'),('76793361'),('76793601'),('76793692'),('76794688'),('76796178'),('76799378'),('76800139'),('76802217'),('76802602'),('76803241'),('76804025'),('76804030'),('76804206'),('76804218'),('76804250'),('76807930'),('76809740'),('76810604'),('76810724'),('76812208'),('76813477'),('76814255'),('76816866'),('76816921'),('76819076'),('76819376'),('76821730'),('76822288'),('76822291'),('76824785'),('76824815'),('76825611'),('76826174'),('76826195'),('76826393'),('76827301'),('76828463'),('76829724'),('76830280'),('76832213'),('76832414'),('76832470'),('76832508'),('76832510'),('76835023'),('76836017'),('76836373'),('76836764'),('76836856'),('76837394'),('76838373'),('76838397'),('76838654'),('76839584'),('76840079'),('76840454'),('76840609'),('76841902'),('76841905'),('76841911'),('76845743'),('76847842'),('76848622'),('76849146'),('76852003'),('76852238'),('76853152'),('76855404'),('76855816'),('76856034'),('76856845'),('76856942'),('76857498'),('76857921'),('76858121'),('76858778'),('76858893'),('76861418'),('76861960'),('76862016'),('76863733'),('76866941'),('76867221'),('76868109'),('76868207'),('76871073'),('76871374'),('76871932'),('76873070'),('76873226'),('76873871'),('76874114'),('76874258'),('76875382'),('76877607'),('76877875'),('76880614'),('76880824'),('76880874'),('76881608'),('76886556'),('76893048'),('76903501'),('76903950'),('76904371'),('76908464'),('76908518'),('76909649'),('76911011'),('76914562'),('76915286'),('76916777'),('76918939'),('76919165'),('76919314'),('76919433'),('76920159'),('76920274'),('76920437'),('76921306'),('76923599'),('76924432'),('76925586'),('76926856'),('76927115'),('76927136'),('76928841'),('76928859'),('76930761'),('76930794'),('76930797'),('76933151'),('76933236'),('76933265'),('76934068'),('76934407'),('76934669'),('76934907'),('76935123'),('76935146'),('76935351'),('76935418'),('76935426'),('76936095'),('76939374'),('76939718'),('76940989'),('76942136'),('76942202'),('76942208'),('76944874'),('76945491'),('76946423'),('76947466'),('76948158'),('76949703'),('76950183'),('76950723'),('76950922'),('76950982'),('76951428'),('76951611'),('76952335'),('76954079'),('76955129'),('76955181'),('76955926'),('76956489'),('76956668'),('76957498'),('76957501'),('76958898'),('76958966'),('76962375'),('76965930'),('76965974'),('76966248'),('76966381'),('76967093'),('76967904'),('76968654'),('76972022'),('76972113'),('76973298'),('76974051'),('76974069'),('76974668'),('76975419'),('76975490'),('76976758'),('76979757'),('76980469'),('76980618'),('76981394'),('76982505'),('76982544'),('76982597'),('76982921'),('76983937'),('76985247'),('76985450'),('76987667'),('76990522'),('76990712'),('76990883'),('76992069'),('76992086'),('76992339'),('76995059'),('77005664'),('77015122'),('77015175'),('77016003'),('77017173'),('77019156'),('77019903'),('77020186'),('77020486'),('77020600'),('77024229'),('77024261'),('77024566'),('77026242'),('77027042'),('77027674'),('77029275'),('77030857'),('77031584'),('77032519'),('77036344'),('77036402'),('77036978'),('77038096'),('77038126'),('77040312'),('77040697'),('77041229'),('77041885'),('77044537'),('77044686'),('77045696'),('77045711'),('77047189'),('77049076'),('77049596'),('77049738'),('77051466'),('77051499'),('77051535'),('77052650'),('77052990'),('77052994'),('77053537'),('77055458'),('77056814'),('77057924'),('77058152'),('77058338'),('77058349'),('77061925'),('77065166'),('77065498'),('77065509'),('77068084'),('77068085'),('77069244'),('77069261'),('77069827'),('77071191'),('77073848'),('77075314'),('77075320'),('77075980'),('77077214'),('77077336'),('77078205'),('77078569'),('77079861'),('77080526'),('77082143'),('77083063'),('77083070'),('77084536'),('77086254'),('77086356'),('77086541'),('77086542'),('77087501'),('77087956'),('77088646'),('77089811'),('77091182'),('77091844'),('77091939'),('77092824'),('77093223'),('77093351'),('77093387'),('77093949'),('77094039'),('77094192'),('77096477'),('77097166'),('77098633'),('77098794'),('77101769'),('77101992'),('77102812'),('77103657'),('77103922'),('77118783'),('77122425'),('77125964'),('77128787'),('77129166'),('77129381'),('77131503'),('77131555'),('77131623'),('77131940'),('77132264'),('77134272'),('77136774'),('77138084'),('77138188'),('77138357'),('77141731'),('77142080'),('77142138'),('77144123'),('77144901'),('77145155'),('77145518'),('77146665'),('77147802'),('77148122'),('77149257'),('77149302'),('77150944'),('77152538'),('77152579'),('77153526'),('77153867'),('77154297'),('77154871'),('77154872'),('77156423'),('77156988'),('77159504'),('77160225'),('77161500'),('77163587'),('77163741'),('77165025'),('77165523'),('77165532'),('77166440'),('77167041'),('77168707'),('77169306'),('77170641'),('77170643'),('77171026'),('77172120'),('77172165'),('77172188'),('77172941'),('77173133'),('77173958'),('77174340'),('77178136'),('77196516'),('77200941'),('77201072'),('77201250'),('77202483'),('77205063'),('77206179'),('77208539'),('77208867'),('77210087'),('77210511'),('77210617'),('77212210'),('77212225'),('77212426'),('77213380'),('77214186'),('77214440'),('77214873'),('77214921'),('77216020'),('77216171'),('77216580'),('77217548'),('77220951'),('77221004'),('77221060'),('77221141'),('77221390'),('77223451'),('77223667'),('77223690'),('77223691'),('77223864'),('77224265'),('77224551'),('77224767'),('77225532'),('77225881'),('77225961'),('77226016'),('77226410'),('77226605'),('77227297'),('77230879'),('77231964'),('77235764'),('77237500'),('77237524'),('77238546'),('77239905'),('77242947'),('77245076'),('77245135'),('77245136'),('77245525'),('77245822'),('77269041'),('77269074'),('77269112'),('77270113'),('77270377'),('77270529'),('77270598'),('77271301'),('77271611'),('77271644'),('77272530'),('77277039'),('77277490'),('77278474'),('77278571'),('77279024'),('77279123'),('77279594'),('77281661'),('77282684'),('77284098'),('77284124'),('77285035'),('77285709'),('77287366'),('77287822'),('77288138'),('77288181'),('77288230'),('77288776'),('77289753'),('77289891'),('77290597'),('77290850'),('77291167'),('77293757'),('77293846'),('77294005'),('77294124'),('77295529'),('77295789'),('77295918'),('77298484'),('77298573'),('77300012'),('77300057'),('77300063'),('77304801'),('77307773'),('77308573'),('77310982'),('77316186'),('77320375'),('77320412'),('77321105'),('77321120'),('77325965'),('77327183'),('77330280'),('77331715'),('77332336'),('77334493'),('77335065'),('77335408'),('77335465'),('77341542'),('77342242'),('77343493'),('77343650'),('77344976'),('77346430'),('77346979'),('77349696'),('77350781'),('77350786'),('77351107'),('77352223'),('77352783'),('77353469'),('77365786'),('77377813'),('77377866'),('77378500'),('77378571'),('77378869'),('77378915'),('77378927'),('77379169'),('77381641'),('77382673'),('77382954'),('77384223'),('77384646'),('77386030'),('77386298'),('77386393'),('77386727'),('77389907'),('77389971'),('77390055'),('77391341'),('77391590'),('77392438'),('77392498'),('77394019'),('77412135'),('77414208'),('77414249'),('77414702'),('77416203'),('77418189'),('77418997'),('77419394'),('77420136'),('77423216'),('77424765'),('77427178'),('77430260'),('77431978'),('77434727'),('77434792'),('77434804'),('77434871'),('77435105'),('77435424'),('77437239'),('77437489'),('77437862'),('77439808'),('77440764'),('77442258'),('77443292'),('77445974'),('77462100'),('77464767'),('77464768'),('77465256'),('77465297'),('77465659'),('77466097'),('77466516'),('77467654'),('77469273'),('77469683'),('77470919'),('77471321'),('77472885'),('77473558'),('77473609'),('77473645'),('77473829'),('77474403'),('77474407'),('77475628'),('77478163'),('77479232'),('77479829'),('77480058'),('77481447'),('77481892'),('77483332'),('77484566'),('77485300'),('77486812'),('77486875'),('77487333'),('77487722'),('77490007'),('77490772'),('77491272'),('77496808'),('77498728'),('77503400'),('77503864'),('77504528'),('77506554'),('77507020'),('77507948'),('77521532'),('77529016'),('77529815'),('77532817'),('77533015'),('77536174'),('77536795'),('77537347'),('77537352'),('77537764'),('77538553'),('77540593'),('77541390'),('77542529'),('77542556'),('77563672'),('77563849'),('77565204'),('77565210'),('77565321'),('77566007'),('77566457'),('77566657'),('77568040'),('77568455'),('77568676'),('77570674'),('77571882'),('77572615'),('77590272'),('77592682'),('77625663'),('77657656'),('77657875'),('77658178'),('77658435'),('77659077'),('77659421'),('77660578'),('77661369'),('77662679'),('77663541'),('77664894'),('77665019'),('77665611'),('77668321'),('77668744'),('77669371'),('77669730'),('77669761'),('77670883'),('77671095'),('77671255'),('77672063'),('77673540'),('77673590'),('77673596'),('77674557'),('77680450'),('77682894'),('77683188'),('77684431'),('77687134'),('77687499'),('77688002'),('77692642'),('77692804'),('77693580'),('77693737'),('77695168'),('77696696'),('77697230'),('77697676'),('77697987'),('77699669'),('77701592'),('77701673'),('77702361'),('77706408'),('77706814'),('77707555'),('77709736'),('77710182'),('77710987'),('77711770'),('77715798'),('77732355'),('77764655'),('77768461'),('77771888'),('77786527'),('77793630'),('77795585'),('77795846'),('77796029'),('77797353'),('77799637'),('77800077'),('77801004'),('77801836'),('77803698'),('77804421'),('77810123'),('77810577'),('77810776'),('77812953'),('77813133'),('77813492'),('77814596'),('77815366'),('77816540'),('77816805'),('77818080'),('77819313'),('77819623'),('77819811'),('77820355'),('77820633'),('77821586'),('77831927'),('77865670'),('77883251'),('77902888'),('77903112'),('77904660'),('77907761'),('77907988'),('77908808'),('77909306'),('77911890'),('77912404'),('77913510'),('77913885'),('77914579'),('77914752'),('77914849'),('77915104'),('77918328'),('77921869'),('77922884'),('77950636'),('77974699'),('78009016'),('78011061'),('78012039'),('78012616'),('78013023'),('78013819'),('78017358'),('78017969'),('78019516'),('78021976'),('78027166'),('78107675'),('78111612'),('78112649'),('78112663'),('78113198'),('78115893'),('78159940'),('78198638'),('78199033'),('78200429'),('78200496'),('78203347'),('78205942'),('78286915'),('78289277'),('78289818'),('78290692'),('78290824'),('78292212'),('78308465'),('78334210'),('78441051'),('78459387'),('78461424'),('78462709'),('78462785'),('78464042'),('78470974'),('78496750'),('78633513'),('78634070'),('78696216'),('78713262'),('78719613'),('78719614'),('78734951'),('78777600'),('78801606'),('78801758'),('78804648'),('78804681'),('78885203'),('78885291'),('78885307'),('78885456'),('78886039'),('78886979'),('78978241'),('79052219'),('79054081'),('79054429'),('79135914'),('79380782'),('79645979'),('79807452'),('79868978'),('79906458'),('79950054'),('80215042'),('80512706'),('80962917'),('81469838'),('81585282'),('8159856'),('8160107'),('8166016'),('81692829'),('8169979'),('8196868'),('8208514'),('8465248'),('8472765'),('8619707'),('8626274'),('8682132'),('8818798'),('8867530'),('88887777'),('8889980'),('90036772'),('90047806'),('9020396'),('9051817'),('90565948'),('9094843'),('91254860'),('91770955'),('9235564'),('9381412'),('9441199'),('9457083'),('9489079'),('9542679'),('9616387'),('9625320'),('9632847'),('9659017'),('9693772'),('9728593'),('9740097'),('9783919'),('9829611'),('9862317'),('9865267'),('9987114'),('9991614'),('ID Cliente');
/*!40000 ALTER TABLE `alumnos_pagados` ENABLE KEYS */;
UNLOCK TABLES;

--
-- Table structure for table `aporte`
--

DROP TABLE IF EXISTS `aporte`;
/*!40101 SET @saved_cs_client     = @@character_set_client */;
/*!50503 SET character_set_client = utf8mb4 */;
CREATE TABLE `aporte` (
  `id_aporte` int NOT NULL,
  `multiplicador_saldo` varchar(100) COLLATE utf8mb4_general_ci NOT NULL,
  `autoseguro` varchar(100) COLLATE utf8mb4_general_ci NOT NULL,
  `saldo` varchar(100) COLLATE utf8mb4_general_ci NOT NULL,
  `aporte` varchar(100) COLLATE utf8mb4_general_ci NOT NULL,
  PRIMARY KEY (`id_aporte`)
) ENGINE=InnoDB DEFAULT CHARSET=utf8mb4 COLLATE=utf8mb4_general_ci;
/*!40101 SET character_set_client = @saved_cs_client */;

--
-- Dumping data for table `aporte`
--

LOCK TABLES `aporte` WRITE;
/*!40000 ALTER TABLE `aporte` DISABLE KEYS */;
INSERT INTO `aporte` VALUES (1,'6','50','234.8','300'),(2,'6','50','440','300'),(3,'6','50','440','300'),(4,'6','50','440','300'),(5,'8','55','440','440'),(6,'8','55','440','440'),(7,'8','55','440','440'),(8,'8','55','440','440'),(9,'8','55','440','440'),(10,'8','55','440','440'),(11,'8','55','440','440'),(12,'8','55','440','440'),(13,'8','55','440','440'),(14,'8','55','440','440'),(15,'8','55','440','440'),(16,'8','55','440','440'),(17,'8','55','440','440'),(18,'8','55','440','440'),(19,'8','55','440','440'),(20,'8','55','440','440'),(21,'8','55','440','440'),(22,'8','55','440','440'),(23,'8','55','440','440'),(24,'8','55','440','440'),(25,'8','55','440','440'),(26,'8','55','440','440'),(27,'8','55','440','440'),(28,'8','55','440','440'),(29,'8','55','440','440'),(30,'8','55','440','440'),(31,'8','55','440','440'),(32,'8','55','404.7','440'),(33,'8','55','296','440');
/*!40000 ALTER TABLE `aporte` ENABLE KEYS */;
UNLOCK TABLES;

--
-- Table structure for table `laboratorio`
--

DROP TABLE IF EXISTS `laboratorio`;
/*!40101 SET @saved_cs_client     = @@character_set_client */;
/*!50503 SET character_set_client = utf8mb4 */;
CREATE TABLE `laboratorio` (
  `id_laboratorio` varchar(100) COLLATE utf8mb4_general_ci NOT NULL,
  `nombre_laboratorio` varchar(100) COLLATE utf8mb4_general_ci NOT NULL,
  PRIMARY KEY (`id_laboratorio`)
) ENGINE=InnoDB DEFAULT CHARSET=utf8mb4 COLLATE=utf8mb4_general_ci;
/*!40101 SET character_set_client = @saved_cs_client */;

--
-- Dumping data for table `laboratorio`
--

LOCK TABLES `laboratorio` WRITE;
/*!40000 ALTER TABLE `laboratorio` DISABLE KEYS */;
INSERT INTO `laboratorio` VALUES ('1','InkaFarma'),('2','Hermaceutica'),('3','Opolinario');
/*!40000 ALTER TABLE `laboratorio` ENABLE KEYS */;
UNLOCK TABLES;

--
-- Table structure for table `medicamento`
--

DROP TABLE IF EXISTS `medicamento`;
/*!40101 SET @saved_cs_client     = @@character_set_client */;
/*!50503 SET character_set_client = utf8mb4 */;
CREATE TABLE `medicamento` (
  `id_medicamento` varchar(100) COLLATE utf8mb4_general_ci NOT NULL,
  `cantidad` varchar(100) COLLATE utf8mb4_general_ci NOT NULL,
  `precio_unitaario` varchar(100) COLLATE utf8mb4_general_ci NOT NULL,
  `fecha_vencimiento` varchar(100) COLLATE utf8mb4_general_ci NOT NULL,
  `codigo_siga` varchar(100) COLLATE utf8mb4_general_ci NOT NULL,
  `numero_lote` varchar(50) COLLATE utf8mb4_general_ci DEFAULT NULL,
  PRIMARY KEY (`id_medicamento`),
  KEY `codigo_siga` (`codigo_siga`),
  CONSTRAINT `medicamento_ibfk_1` FOREIGN KEY (`codigo_siga`) REFERENCES `petitorio` (`codigo_siga`)
) ENGINE=InnoDB DEFAULT CHARSET=utf8mb4 COLLATE=utf8mb4_general_ci;
/*!40101 SET character_set_client = @saved_cs_client */;

--
-- Dumping data for table `medicamento`
--

LOCK TABLES `medicamento` WRITE;
/*!40000 ALTER TABLE `medicamento` DISABLE KEYS */;
INSERT INTO `medicamento` VALUES ('111244TERR1250','5','12.50','2024-06-06','11122233344','112211212121'),('351072Per?1410','2','14.10','2024-05-24','351000025672',NULL),('351072Pero1250','2','12.50','2024-07-10','351000025672','1234'),('351072Pero1600','2','16','2024-05-22','351000025672','1556'),('351072Pero560','3','5.60','2024-05-16','351000025672','123456'),('3576Nitr1040','1','10.40','2024-02-01','357600020153',NULL),('3576Nitr1240','22','12.40','2024-02-07','357600020153',NULL),('580101Keta100','100','1.00','2024-08-02','580100150001','87242'),('580101Keta1000','21','10','2026-06-17','580100150001','555'),('580101Keta11200','1100','112','2024-05-31','580100150001','154663'),('580101Keta1260','100','12.6','2024-08-09','580100150001','L134512'),('580101Keta850','10','8.50','2025-10-06','580100150001',NULL),('580101Keta850-1','10','8.50','2024-07-25','580100150001',NULL),('580102Oxí1210','4','12.10','2024-03-29','580100160002',NULL),('580102Oxí1210-0','10','12.1','2024-03-30','580100160002',NULL),('580102Oxí1210-1','3','12.10','2024-03-07','580100160002',NULL),('580102Oxí1210-2','5','12.10','2024-04-19','580100160002',NULL),('580102Oxí1210-3','20','12.10','2024-06-08','580100160002',NULL),('580104Prop1000','5','10','2024-07-12','580100080004','r'),('580104Prop1010','4','10.1','2024-03-21','580100080004',NULL),('580104Prop120','100','1.20','2024-08-09','580100080004',NULL),('580104Prop1200','45','12','2024-04-18','580100080004',NULL),('580104Prop1200-1','2','12','2024-05-24','580100080004',NULL),('580104Prop12300','3','123','2024-03-14','580100080004',NULL),('580104Prop1250','12','12.50','2024-06-28','580100080004','154663'),('580104Prop1250-0','12','12.5','2024-06-17','580100080004','1235'),('580104Prop1250-1','12','12.50','2024-05-15','580100080004','1889'),('580104Prop1250-2','12','12.50','2024-07-24','580100080004','154663'),('580104Prop1450','12','14.50','2024-06-07','580100080004','154663'),('580104Prop150','150','1.50','2025-07-10','580100080004',NULL),('580104Prop1500','5','15','2024-05-23','580100080004','1285'),('580104Prop200','3','2','2024-07-10','580100080004','123'),('580104Prop2890','3','28.90','2024-05-13','580100080004',NULL),('580111Lido1110','80','11.10','2024-02-13','580100210011',NULL),('580111Lido1200','22','12','2024-02-13','580100210011',NULL),('580111Lido1200-1','3','12','2024-03-13','580100210011',NULL),('580111Lido1200-2','100','12','2024-05-03','580100210011',NULL),('580111Lido1300','10','13','2024-01-30','580100210011',NULL),('580111Lido200','3','2','2024-03-14','580100210011',NULL),('580121Lido1250','150','12.50','2024-06-05','580100210021','123321'),('5801Keta150','3','1.50','2010-10-04','580100150001',NULL),('5801Lido1200','29','12','2024-02-06','580100210021',NULL),('5801Prop1010','2','10.10','2024-02-29','580100080004',NULL),('5801Prop1012','8','10.12','2024-02-28','580100080004',NULL),('5801Prop120','10','1.2','2024-01-31','580100080004',NULL),('5801Prop1240','3','12.40','2024-02-29','580100080004',NULL),('580201Colc125000','25','12.5','2026','580200420001','154663'),('580201Colc150','3','1.50','2024-02-15','580200420001',NULL),('580202Alop100','96','1.00','2024-06-30','580200480002','87242'),('580202Alop100-1','100','1.00','2024-07-05','580200480002','87242'),('580202Alop100-2','100','1.00','2024-07-05','580200480002','87242'),('580203Dicl1250','1','12.50','2024-06-10','580200470003','1111111'),('580203Dicl300','10','3','2024-04-03','580200470003',NULL),('580203Napr150','97','1.50','2024-05-11','580200450003',NULL),('580207Ibup120','691','1.20','2025-06-03','580200430007',NULL),('580207Ibup12300','3','123','2024-05-14','580200430007',NULL),('580207Ibup130','991','1.30','2025-11-12','580200430007',NULL),('580207Ibup1300','12','13','2024-05-09','580200430007','154663'),('580207Ibup140','45','1.40','2025-07-10','580200430007',NULL),('580210Ibup1200','150','12','2024-04-19','580200430010',NULL),('580210Ibup400','100','4','2026-10-13','580200430010','12344'),('580211Para120','23.5','1.20','2024-05-01','580200460011',NULL),('580211Para1420','0','14.20','2026-06-15','580200460011',NULL),('5802Ibup1220','0','12.20','2024-03-08','580200430007',NULL),('580401Prot1250','2','12.50','2024-06-11','580400210001','154663'),('581007Azit500','23','5','2027-02-09','581000080007','r'),('581503Coli125','300','1.25','2025-10-14','581500100003','158'),('584001Insu580','8','5.80','2024-03-13','584000060001',NULL);
/*!40000 ALTER TABLE `medicamento` ENABLE KEYS */;
UNLOCK TABLES;

--
-- Table structure for table `medicamento_receta`
--

DROP TABLE IF EXISTS `medicamento_receta`;
/*!40101 SET @saved_cs_client     = @@character_set_client */;
/*!50503 SET character_set_client = utf8mb4 */;
CREATE TABLE `medicamento_receta` (
  `cantidad` varchar(100) COLLATE utf8mb4_general_ci NOT NULL,
  `precio_total` varchar(100) COLLATE utf8mb4_general_ci NOT NULL,
  `fichador_receta` varchar(150) COLLATE utf8mb4_general_ci NOT NULL,
  `id_medicamento` varchar(100) COLLATE utf8mb4_general_ci NOT NULL,
  `id` int NOT NULL AUTO_INCREMENT,
  PRIMARY KEY (`id`),
  KEY `fichador_receta` (`fichador_receta`),
  KEY `id_medicamento` (`id_medicamento`),
  CONSTRAINT `medicamento_receta_ibfk_1` FOREIGN KEY (`fichador_receta`) REFERENCES `receta` (`fichador_receta`),
  CONSTRAINT `medicamento_receta_ibfk_2` FOREIGN KEY (`id_medicamento`) REFERENCES `medicamento` (`id_medicamento`)
) ENGINE=InnoDB AUTO_INCREMENT=87 DEFAULT CHARSET=utf8mb4 COLLATE=utf8mb4_general_ci;
/*!40101 SET character_set_client = @saved_cs_client */;

--
-- Dumping data for table `medicamento_receta`
--

LOCK TABLES `medicamento_receta` WRITE;
/*!40000 ALTER TABLE `medicamento_receta` DISABLE KEYS */;
INSERT INTO `medicamento_receta` VALUES ('5','24','15874','5801Prop1010',1),('2','30','15874','5801Lido1200',2),('2','12','15874','3576Nitr1040',3),('2','12.10','15151','5801Prop1010',4),('2','9','15151','580201Colc150',5),('3','15.40','15151','580101Keta850-1',6),('2','0','41253','5801Prop1012',7),('2','0','41253','5801Prop1012',8),('2','0','1111','5801Prop1012',9),('1','0','1111','584001Insu580',10),('10','0','1111','580211Para1420',11),('1','0','1547','584001Insu580',12),('10','0','1547','580211Para1420',13),('10','0','1547','580104Prop1010',14),('1','12.2','696969','5802Ibup1220',15),('2','24.2','696969','580102Oxí1210',16),('2','24.4','04123','5802Ibup1220',17),('1','14.2','04123','580211Para1420',18),('6','73.2','155555','5802Ibup1220',19),('15','213','155555','580211Para1420',20),('1','12.2','878787','5802Ibup1220',21),('2','28.4','878787','580211Para1420',22),('1','14.2','8745','580211Para1420',23),('1','1.2','7979','580207Ibup120',24),('1','1.2','1212121','580207Ibup120',25),('3','3.9','2131231','580207Ibup130',26),('2','24','4456','580210Ibup1200',27),('2','28.4','151515','580211Para1420',28),('10','120','151515','580210Ibup1200',29),('1','14.2','7485','580211Para1420',30),('12','14.4','797979','580211Para120',31),('15','180','797979','580210Ibup1200',32),('15','180','151548','580210Ibup1200',33),('1','1.2','4554','580211Para120',34),('1','1.2','4558','580211Para120',35),('1','1.2','4559','580211Para120',36),('1','1.2','46969','580211Para120',37),('2','2.4','187654','580211Para120',38),('2','2.4','1234','580211Para120',39),('1','1.2','45245','580207Ibup120',40),('1','1.3','18777','580207Ibup130',41),('1','1.4','178945','580207Ibup140',42),('3','3.6','178945','580211Para120',43),('2','2.8','19191948','580207Ibup140',44),('3','3.6','19191948','580211Para120',45),('052','62.4','1425','580207Ibup120',46),('52.5','63','1425','580211Para120',47),('52','72.8','1425','580207Ibup140',48),('000082','984','1425','580210Ibup1200',49),('10','12','1245','580211Para120',50),('3','3.6','213123','580211Para120',51),('2','2.4','1122233','580211Para120',52),('2','2.4','1213231','580211Para120',53),('1','16','1213231','351072Pero1600',54),('2','2.4','123123123231','580211Para120',55),('2','2.4','198198','580211Para120',56),('2','2.4','12223214','580211Para120',57),('2','2.4','212312321','580211Para120',58),('10','12','212312321','580207Ibup120',59),('2','2.4','213213132','580211Para120',60),('10','12','213213132','580207Ibup120',61),('2','2.4','2112312','580211Para120',62),('10','12','2112312','580207Ibup120',63),('2','2.4','1231231231','580211Para120',64),('1','12.2','4125312','5802Ibup1220',65),('5','62.5','01082024','111244TERR1250',66),('1','14.1','01082024','351072Per?1410',67),('2','2.4','123124124','580211Para120',68),('23','2576','1','580101Keta11200',69),('10','120','45994994','580210Ibup1200',70),('5','6','45994994','580211Para120',71),('1','12.1','45994994','580102Oxí1210',72),('2','2.4','21314515','580211Para120',73),('3','3.6','342421','580211Para120',74),('3','39','25888','580207Ibup1300',75),('1','1.2','895616','580211Para120',76),('5','60','895616','580210Ibup1200',77),('12','144','123412','580210Ibup1200',78),('3','36','1234451','580210Ibup1200',79),('2','20.8','3225435','3576Nitr1040',80),('5','6','1254916','580211Para120',81),('3','4.5','1254916','580203Napr150',82),('4','4','1254916','580202Alop100',83),('2','24','12312321','580210Ibup1200',84),('1','1.2','12312321','580211Para120',85),('12','144','11111111111','580210Ibup1200',86);
/*!40000 ALTER TABLE `medicamento_receta` ENABLE KEYS */;
UNLOCK TABLES;

--
-- Table structure for table `merma`
--

DROP TABLE IF EXISTS `merma`;
/*!40101 SET @saved_cs_client     = @@character_set_client */;
/*!50503 SET character_set_client = utf8mb4 */;
CREATE TABLE `merma` (
  `id_merma` int NOT NULL AUTO_INCREMENT,
  `cantidad` int NOT NULL,
  `motivo` varchar(150) COLLATE utf8mb4_general_ci NOT NULL,
  `id_medicamento` varchar(100) COLLATE utf8mb4_general_ci NOT NULL,
  `lote` varchar(100) COLLATE utf8mb4_general_ci DEFAULT NULL,
  `fecha_registro` date DEFAULT NULL,
  `DNI_ADMIN` varchar(20) COLLATE utf8mb4_general_ci DEFAULT NULL,
  `NOMBRE_ADMIN` varchar(100) COLLATE utf8mb4_general_ci DEFAULT NULL,
  PRIMARY KEY (`id_merma`),
  KEY `id_medicamento` (`id_medicamento`),
  CONSTRAINT `merma_ibfk_1` FOREIGN KEY (`id_medicamento`) REFERENCES `medicamento` (`id_medicamento`)
) ENGINE=InnoDB AUTO_INCREMENT=107 DEFAULT CHARSET=utf8mb4 COLLATE=utf8mb4_general_ci;
/*!40101 SET character_set_client = @saved_cs_client */;

--
-- Dumping data for table `merma`
--

LOCK TABLES `merma` WRITE;
/*!40000 ALTER TABLE `merma` DISABLE KEYS */;
INSERT INTO `merma` VALUES (11,3,'Comida','5802Ibup1220','186',NULL,NULL,NULL),(12,1,'Vencimiento','580211Para1420','1478',NULL,NULL,NULL),(13,1,'Vencimiento','5802Ibup1220','17410',NULL,NULL,NULL),(14,1,'Removido de la Caja','580211Para1420','123123',NULL,NULL,NULL),(15,1,'Vencido','580102Oxí1210','145',NULL,NULL,NULL),(16,1,'Vencido','580102Oxí1210','145',NULL,NULL,NULL),(17,1,'Fallas','5802Ibup1220','88996',NULL,NULL,NULL),(18,1,'Fallas','5802Ibup1220','88996',NULL,NULL,NULL),(19,1,'Malogrado','5802Ibup1220','874',NULL,NULL,NULL),(20,1,'Falla de Empresa','580211Para1420','1485',NULL,NULL,NULL),(21,1,'vencimiento','580211Para1420','177',NULL,NULL,NULL),(22,1,'Vencimiento','580211Para1420','1489',NULL,NULL,NULL),(23,1,'Virus Detectado','580211Para1420','1515',NULL,NULL,NULL),(24,1,'Vencimiento','580211Para1420','145',NULL,NULL,NULL),(25,1,'Vencimiento','580211Para1420','1478',NULL,NULL,NULL),(26,90,'12','5802Ibup1220','12',NULL,NULL,NULL),(27,90,'12','5802Ibup1220','12',NULL,NULL,NULL),(28,90,'12','5802Ibup1220','12',NULL,NULL,NULL),(29,2,'Deterioro','5802Ibup1220','15784',NULL,NULL,NULL),(30,20,'Deterioro','580207Ibup120','151585',NULL,NULL,NULL),(31,1,'deterioro','5802Ibup1220','15871',NULL,NULL,NULL),(32,2,'deterioro','580207Ibup120','15871',NULL,NULL,NULL),(33,2,'Deterioro','580207Ibup120','15401',NULL,NULL,NULL),(34,2,'vencimiento','580210Ibup1200','11545521',NULL,NULL,NULL),(35,5,'Defecto','580207Ibup130','15487',NULL,NULL,NULL),(51,2,'Vencimiento','351072Pero1600','1556',NULL,NULL,NULL),(52,100,'Vencimiento','351072Pero1600','1556',NULL,NULL,NULL),(53,10,'Vencimiento','351072Pero1600','1556',NULL,NULL,NULL),(54,20,'Daño a la fabrica','580401Prot1250','154663',NULL,NULL,NULL),(55,10,'Daño a la fabrica','580401Prot1250','154663',NULL,NULL,NULL),(56,2,'Vencimiento','111244TERR1250','112211212121',NULL,NULL,NULL),(57,30,'Daño a la fabrica','351072Pero560','123456',NULL,NULL,NULL),(58,3,'Daño a la fabrica','351072Pero560','123456',NULL,NULL,NULL),(59,11,'Vencimiento','580203Dicl1250','1111111',NULL,NULL,NULL),(60,1,'Donación','351072Pero560','123456',NULL,NULL,NULL),(61,1,'Daño a la farmacia','351072Pero560','123456','2024-06-21','1278412','Rita Paz Atto'),(62,5,'Daño a la fabrica','351072Pero1600','1556','2024-06-21','1278412','Rita Paz Atto'),(63,5,'Obsolencia','351072Pero560','123456','2024-06-26','1278412','Rita Paz Atto'),(64,1205160,'Vencimiento','351072Pero560','123456','2024-07-31','1278412','Rita Paz Atto'),(65,15,'Vencimiento','351072Pero560','123456','2024-07-31','1278412','Rita Paz Atto');
/*!40000 ALTER TABLE `merma` ENABLE KEYS */;
UNLOCK TABLES;

--
-- Table structure for table `médico`
--

DROP TABLE IF EXISTS `médico`;
/*!40101 SET @saved_cs_client     = @@character_set_client */;
/*!50503 SET character_set_client = utf8mb4 */;
CREATE TABLE `médico` (
  `dni_medico` int NOT NULL,
  `nombre` varchar(150) COLLATE utf8mb4_general_ci NOT NULL,
  `especialidad` varchar(150) COLLATE utf8mb4_general_ci NOT NULL,
  PRIMARY KEY (`dni_medico`)
) ENGINE=InnoDB DEFAULT CHARSET=utf8mb4 COLLATE=utf8mb4_general_ci;
/*!40101 SET character_set_client = @saved_cs_client */;

--
-- Dumping data for table `médico`
--

LOCK TABLES `médico` WRITE;
/*!40000 ALTER TABLE `médico` DISABLE KEYS */;
INSERT INTO `médico` VALUES (1176353,'Gisela Ramos Rodriguez','ginecologia'),(6113652,'Martha Bardales Suarez','nutricion'),(6891945,'Alvaro Velasquez Acosta','dermatologia'),(8340044,'Elmar Gusmaro Sanchez Silva','oftalmologia'),(8484874,'Marina Zenobia Valverde Aranda','medicina general'),(10285073,'Jussef Hussein Honorio Olivares','medicina general'),(10482881,'Miguel Angel Chinchay Moreno','odontologia'),(19870796,'Mario Cesar Zapata Garcia-rosell','medicina general'),(21463807,'Patricia Nancy Villegas Leon','odontologia'),(21525497,'Rita Rios Roca','odontologia'),(25709133,'Carlos Gerardo Santillan Hospinal','medicina general'),(40598245,'Gerson Gonzales Nieves','psicologia'),(40754357,'George Nixon Vargas Otaegui','odontologia'),(41852302,'Hernan Jesus Cabrejo Mendoza','psiquiatria'),(42399997,'Sheyla Karen Chavez Nunura','psicologia'),(45045045,'Deleite Azul','Medicina'),(46367726,'Daphne Von Valerie Perez Gamarra','psicologia'),(48668142,'Yamila Azucena Camargo Morales','psicologia'),(74074074,'Collasos Gilberto','Medicina\r\n'),(75077262,'Dr.Andres','Cirujano Pediatra'),(78078078,'Chapatin Gil','Medicina');
/*!40000 ALTER TABLE `médico` ENABLE KEYS */;
UNLOCK TABLES;

--
-- Table structure for table `orden_de_compra`
--

DROP TABLE IF EXISTS `orden_de_compra`;
/*!40101 SET @saved_cs_client     = @@character_set_client */;
/*!50503 SET character_set_client = utf8mb4 */;
CREATE TABLE `orden_de_compra` (
  `id_orden` varchar(255) COLLATE utf8mb4_general_ci NOT NULL,
  `proveedor` varchar(255) COLLATE utf8mb4_general_ci DEFAULT NULL,
  `monto_total` int NOT NULL,
  `dni_usuario` varchar(100) COLLATE utf8mb4_general_ci NOT NULL,
  `fecha` date DEFAULT NULL,
  PRIMARY KEY (`id_orden`),
  KEY `dni_usuario` (`dni_usuario`),
  CONSTRAINT `orden_de_compra_ibfk_1` FOREIGN KEY (`dni_usuario`) REFERENCES `usuario` (`dni_usuario`)
) ENGINE=InnoDB DEFAULT CHARSET=utf8mb4 COLLATE=utf8mb4_general_ci;
/*!40101 SET character_set_client = @saved_cs_client */;

--
-- Dumping data for table `orden_de_compra`
--

LOCK TABLES `orden_de_compra` WRITE;
/*!40000 ALTER TABLE `orden_de_compra` DISABLE KEYS */;
INSERT INTO `orden_de_compra` VALUES ('11211','0',333,'75077262',NULL),('12232024','Pholifarma',150,'1278412','2024-07-10'),('123123','0',5,'75077262',NULL),('1231323','0',540,'75077262',NULL),('1232024','Pholifarma',150,'75077262','2024-06-17'),('1233','0',30,'75077262',NULL),('12342024','Pholifarma',6,'1278412','2024-07-01'),('12345','0',180,'75077262',NULL),('1245','0',122,'75077262',NULL),('124556','InkaCeutica',1224,'75077262','2024-05-14'),('133213332024','Pholifarma',312,'1278412','2024-08-13'),('14400','0',101,'75077262',NULL),('1452452','DISTRIBUIDORA S-A',78,'75077262','2024-05-31'),('1458936','0',77,'75077262',NULL),('147080','0',37,'75077262',NULL),('147810','0',106,'75077262',NULL),('14785','0',20,'75077262',NULL),('1478556','0',6,'75077262',NULL),('147856','0',270,'75077262',NULL),('1478856','0',24,'75077262',NULL),('1485555','0',183,'75077262',NULL),('14856','0',710,'75077262',NULL),('1487756','12',101,'75077262',NULL),('1488710','0',12,'75077262',NULL),('148876','0',168,'75077262',NULL),('14888','0',149,'75077262',NULL),('148889','0',120,'75077262',NULL),('1515147','0',369,'75077262',NULL),('151565','0',61,'75077262',NULL),('15422024','FarmaIndustria',100,'1278412','2024-06-26'),('1555','0',180,'75077262',NULL),('1568453','0',36,'75077262',NULL),('156845312024','eeeee',25,'1278412','2040-02-12'),('1588889','15',888,'75077262',NULL),('1596983','0',85,'75077262',NULL),('1744','0',1300,'75077262',NULL),('18457','0',127,'75077262',NULL),('187701','0',242,'75077262',NULL),('1878','0',996,'75077262',NULL),('1888','0',130,'75077262',NULL),('18961','Harmaceutica',320,'75077262','2024-05-14'),('1987','0',225,'75077262',NULL),('199856','Pholifarma',456,'75077262','2024-05-15'),('199866','Harmaceutica',320,'75077262','2024-05-21'),('19999','0',91,'75077262',NULL),('199998','InkaFarmaRegister',174,'75077262','2024-06-06'),('202021047','DISTRIBUIDORA S-A',235,'75077262','2024-05-08'),('213123','Pholifarma',150,'75077262','2024-06-18'),('213123123','Pholifarma',150,'75077262','2024-06-11'),('2132412','Farmacia',0,'75077262','2024-06-15'),('2134','PholifarmaCeuticaRigth',24,'75077262','2024-05-22'),('21551','Harmaceutica',300,'75077262','2024-05-31'),('223312','1231231ee',125776,'75077262','3123-02-11'),('3212024','Farmasi',50,'75077262','2024-07-12'),('3332122','Pholifarma',0,'75077262','2024-06-07'),('34434324','Pholifarma123',1875,'1278412','2024-06-13'),('454545','0',121,'75077262',NULL),('52852525929522024','FarmaIndustria',1260,'1278412','2024-07-24'),('5454','Inkarfarma',210,'1278412','2024-06-17'),('545485','Pholifarma',375,'1278412','2024-06-17'),('5801','0',120,'75077262',NULL),('58895','pholimar',75,'75077262','2024-04-30'),('651651231412512024','FarmaIndustria',1560,'1278412','2024-07-31'),('651651232024','FarmaIndustria',200,'1278412','0224-01-20'),('65165123258822024','FarmaIndustria',100,'1278412','2024-07-12'),('7777','0',61,'75077262',NULL),('788455','0',124,'75077262',NULL),('8878661','Pholifarma',195,'75077262','2024-05-21'),('887988','Pholifarma',150,'75077262','2024-05-21'),('888888','0',140,'75077262',NULL),('8888962024','Pholifarma',400,'75077262','2024-07-08'),('88899','0',3840,'75077262',NULL),('9088872024','Farmasi',225,'75077262','2024-07-16'),('999998','HErminiasSAC',296,'75077262','2024-06-10');
/*!40000 ALTER TABLE `orden_de_compra` ENABLE KEYS */;
UNLOCK TABLES;

--
-- Table structure for table `periodo_academico`
--

DROP TABLE IF EXISTS `periodo_academico`;
/*!40101 SET @saved_cs_client     = @@character_set_client */;
/*!50503 SET character_set_client = utf8mb4 */;
CREATE TABLE `periodo_academico` (
  `periodo` varchar(200) DEFAULT NULL
) ENGINE=InnoDB DEFAULT CHARSET=utf8mb4 COLLATE=utf8mb4_0900_ai_ci;
/*!40101 SET character_set_client = @saved_cs_client */;

--
-- Dumping data for table `periodo_academico`
--

LOCK TABLES `periodo_academico` WRITE;
/*!40000 ALTER TABLE `periodo_academico` DISABLE KEYS */;
INSERT INTO `periodo_academico` VALUES ('2024-1');
/*!40000 ALTER TABLE `periodo_academico` ENABLE KEYS */;
UNLOCK TABLES;

--
-- Table structure for table `petitorio`
--

DROP TABLE IF EXISTS `petitorio`;
/*!40101 SET @saved_cs_client     = @@character_set_client */;
/*!50503 SET character_set_client = utf8mb4 */;
CREATE TABLE `petitorio` (
  `codigo_siga` varchar(100) COLLATE utf8mb4_general_ci NOT NULL,
  `denomin_comun_internac_o_principio_activo` varchar(100) COLLATE utf8mb4_general_ci NOT NULL,
  `concentracion` varchar(100) COLLATE utf8mb4_general_ci NOT NULL,
  `forma_farmaceutica` varchar(100) COLLATE utf8mb4_general_ci NOT NULL,
  `minimo_stock` int DEFAULT NULL,
  PRIMARY KEY (`codigo_siga`)
) ENGINE=InnoDB DEFAULT CHARSET=utf8mb4 COLLATE=utf8mb4_general_ci;
/*!40101 SET character_set_client = @saved_cs_client */;

--
-- Dumping data for table `petitorio`
--

LOCK TABLES `petitorio` WRITE;
/*!40000 ALTER TABLE `petitorio` DISABLE KEYS */;
INSERT INTO `petitorio` VALUES ('11122233344','TERROMETACINA','600000mg','TAB',-5),('212121212121','borrame no existo','3% (10vols)','SOL TOP',10),('351000025672','Peróxido de hidrógeno','3% (10vols)','SOL TOP',NULL),('357600020153','Nitrato de plata','null','BARRA/LAPIZ',580),('580100080004','Propofol','0.01','INY',12),('580100150001','Ketamina (como clorhidrato)','50mg/mL','INY',400),('580100160002','Oxígeno medicinal','93-100%','GAS',5),('580100210011','Lidocaína clorhidrato + epinefrina','2% + 1:80 000','INY',1000),('580100210021','Lidocaína clorhidrato','2–4%','GEL TOP/JAL TOP',222),('580200420001','Colchicina','500mcg (0.5mg)','TAB',NULL),('580200430007','Ibuprofeno','100mg/5mL','LIQ ORAL',996),('580200430010','Ibuprofeno','400mg','TAB',5000),('580200440006','Metamizol sódico','500mg/mL','INY',NULL),('580200450003','Naproxeno (como base o sal sódica)','500mg','TAB',NULL),('580200460011','Paracetamol','500mg','TAB',1800),('580200460035','Paracetamol','100mg/mL','LIQ ORAL',700),('580200470003','Diclofenaco sódico','0.001','SOL OFT',NULL),('580200480001','Alopurinol','100mg','TAB',NULL),('580200480002','Alopurinol','300mg','TAB',NULL),('580200500001','Ácido acetilsalicílico','80-100mg','TAB',NULL),('580200500002','Ácido acetilsalicílico','500mg','TAB',NULL),('580300180006','Clorfenamina maleato','2mg/5mL','LIQ ORAL',NULL),('580300190002','Epinefrina (como clorhidrato o tartrato ácido)','1mg/mL','INY',700),('580300200002','Loratadina','5mg/5mL','LIQ ORAL',NULL),('580400130001','Deferoxamina mesilato','500mg','INY',NULL),('580400170003','Atropina sulfato','1mg/mL','INY',NULL),('580400210001','Protamina sulfato','10mg/mL','INY',NULL),('580500010001','Gabapentina','300mg','TAB',NULL),('580500080001','Carbamazepina','200mg','TAB',150),('580500080005','Carbamazepina','100mg/5mL','LIQ ORAL',NULL),('580500080006','Carbamazepina','100mg','TAB',NULL),('580500090002','Clonazepam','500mcg (0.5mg)','TAB',NULL),('580500090003','Clonazepam','2mg','TAB',NULL),('580500110003','Fenobarbital','100mg','TAB',NULL),('580500120004','Valproato sódico','200mg/mL','LIQ ORAL',NULL),('580500130002','Levetiracetam','1000mg','TAB',NULL),('580500160001','Acetazolamida','250mg','TAB',NULL),('580600040001','Albendazol','200mg','TAB',NULL),('580600040006','Albendazol','400mg','TAB',NULL),('580600050004','Mebendazol','500mg','TAB',NULL),('580600060003','Prazicuantel','600mg','TAB',NULL),('580700020008','Ampicilina (como sal sódica) + sulbactam (como sal sódica)','1g + 500mg','INY',NULL),('580700050001','Piperacilina (como sal sódica) + tazobactam (como sal sódica)','4g + 500mg','INY',NULL),('580700100003','Amoxicilina','125mg/5mL','LIQ ORAL',NULL),('580700100007','Amoxicilina','500mg','TAB',NULL),('580700100039','Amoxicilina','500mg/5mL','LIQ ORAL',NULL),('580700110003','Bencilpenicilina procaínica','equiv 1 000 000UI Bencilpenicilina','INY',NULL),('580700120005','Dicloxacilina (como sal sódica)','500mg','TAB',NULL),('580700140001','Oxacilina','1g','INY',NULL),('580700140002','Oxacilina','500mg','INY',NULL),('580700150006','Amoxicilina + ácido clavulánico (como sal potásica)','250mg + 62.5mg/5mL','LIQ ORAL',NULL),('580700150007','Amoxicilina + ácido clavulánico (como sal potásica)','500mg + 125mg','TAB',NULL),('580700150018','Amoxicilina + ácido clavulánico (como sal potásica)','125mg + 31.25mg/5mL','LIQ ORAL',NULL),('580800150013','Cefuroxima (como axetil)','500mg','TAB',NULL),('580800180003','Cefalexina','500mg','TAB',NULL),('580800220001','Cefotaxima (como sal sódica)','500mg','INY',NULL),('580800240007','Ceftriaxona (como sal sódica)','1g','INY',NULL),('580900030001','Amikacina (como sulfato)','250mg/mL','INY',NULL),('580900030002','Amikacina (como sulfato)','50mg/mL','INY',NULL),('580900040002','Gentamicina (como sulfato)','40mg/mL','INY',NULL),('580900040004','Gentamicina (como sulfato)','80mg/mL','INY',NULL),('581000040001','Claritromicina','500mg','TAB',NULL),('581000080007','Azitromicina','500mg','TAB',NULL),('581200010002','Cloranfenicol','500mg','TAB',NULL),('581300030005','Sulfametoxazol + trimetoprima','800mg + 160mg','TAB',NULL),('581300030009','Sulfametoxazol + trimetoprima','200mg + 40mg/5mL','LIQ ORAL',NULL),('581400040002','Levofloxacino','500mg','TAB',NULL),('581400050001','Moxifloxacino (como clorhidrato)','400mg','TAB',NULL),('581400130002','Ciprofloxacino','250mg/5mL','LIQ ORAL',NULL),('581400130004','Ciprofloxacino (como clorhidrato)','500mg','TAB',NULL),('581400130020','Ciprofloxacino (como clorhidrato)','0.003','SOL OTI',NULL),('581500040002','Fosfomicina (como trometamol)','3g','LIQ ORAL',NULL),('581500070006','Furazolidona','50mg/5mL','LIQ ORAL',NULL),('581500070008','Furazolidona','100mg','TAB',NULL),('581500080001','Nitrofurantoina','25mg/5mL','LIQ ORAL',NULL),('581500080003','Nitrofurantoina','100mg','TAB',NULL),('581500090001','Vancomicina (como clorhidrato)','500mg','INY',NULL),('581500100003','Colistina (como colistimetato sódico)','100mg-150mg','INY',NULL),('581800040001','Itraconazol','100mg','TAB',NULL),('581800050010','Amfotericina B (como deoxicolato sódico)','50mg','INY',NULL),('581800060005','Clotrimazol','0.01','CRM TOP',NULL),('581800100003','Fluconazol','2mg/mL','INY',NULL),('581800100005','Fluconazol','150mg','TAB',NULL),('581900040001','Metronidazol (como benzoato)','250mg/5mL','LIQ ORAL',NULL),('581900040002','Metronidazol','500mg','TAB',NULL),('582000020004','Miltefosina','50mg','TAB',NULL),('582100030001','Hidroxicloroquina sulfato','400mg (equiv 310mg hidroxicloroquina)','TAB',NULL),('582100070003','Cloroquina (como fosfato)','150mg','TAB',NULL),('582200030001','Nifurtimox','120mg','TAB',NULL),('582400010001','Abacavir (como sulfato)','300mg','TAB',NULL),('582400080001','Ganciclovir (como sal sódica)','500mg','INY',NULL),('582400110004','Lamivudina','150mg','TAB',NULL),('582400170001','Ritonavir','100mg','TAB',NULL),('582400230001','Lamivudina + zidovudina','150mg + 300mg','TAB',NULL),('582400270002','Valganciclovir','450mg','TAB',NULL),('582400280003','Atazanavir (como sulfato)','300mg','TAB',NULL),('582400290001','Tenofovir disoproxilo fumarato','300mg (equiv 245mg tenofovir disoproxilo)','TAB',NULL),('582400310002','Zidovudina','300mg','TAB',NULL),('582400320003','Aciclovir','200mg','TAB',NULL),('582400320014','Aciclovir','400mg','TAB',NULL),('582400320025','Aciclovir (como sal sódica)','250mg','INY',NULL),('582400340002','Darunavir (como etanolato)','600mg','TAB',NULL),('582400350002','Etravirina','200mg','TAB',NULL),('582400380002','Entecavir','0.5mg','TAB',NULL),('582400420001','Emtricitabina + tenofovir disoproxilo fumarato','200mg + 300mg (equiv 245mg tenofovir disoproxilo)','TAB',NULL),('582500160002','Cafeína citrato','20mg/mL (equiv 10mg cafeína/mL)','INY',NULL),('582600050002','Anastrozol','1mg','TAB',NULL),('582600070002','Bicalutamida','50mg','TAB',NULL),('582600100005','Carboplatino','150mg','INY',NULL),('582600130003','Docetaxel','80mg','INY',NULL),('582600170005','Filgrastim','30 000 000UI','INY',NULL),('582600180001','Fludarabina fosfato','50mg','INY',NULL),('582600230001','Irinotecan clorhidrato','100mg/5mL','INY',NULL),('582600240002','Leflunomida','20mg','TAB',NULL),('582600280002','Oxaliplatino','50mg','INY',NULL),('582600370001','Temozolomida','100mg','TAB',NULL),('582600430003','Gemcitabina (como clorhidrato)','1g','INY',NULL),('582600460001','Leuprorelina acetato','3.75mg','INY',NULL),('582600460006','Leuprorelina acetato','7.5mg','INY',NULL),('582600470004','Paclitaxel','30mg','INY',NULL),('582600470006','Paclitaxel','100mg','INY',NULL),('582600480003','Micofenolato mofetilo','250mg','TAB',NULL),('582600490003','Trastuzumab','21mg/mL','INY',NULL),('582600520001','Imatinib (como mesilato)','100mg','TAB',NULL),('582600560002','Tacrolimus','1mg','TAB',NULL),('582600570001','Asparaginasa','10 000UI','INY',NULL),('582600580001','Bleomicina (como sulfato)','15mg (15UI)','INY',NULL),('582600590003','Ciclofosfamida','50mg','TAB',NULL),('582600590004','Ciclofosfamida','1g','INY',NULL),('582600600004','Cisplatino','50mg','INY',NULL),('582600600005','Cisplatino','10mg','INY',NULL),('582600610004','Citarabina sin preservantes','100mg','INY',NULL),('582600630002','Dacarbazina','200mg','INY',NULL),('582600670001','Hidroxicarbamida','500mg','TAB',NULL),('582600680001','Ifosfamida','1g','INY',NULL),('582600690002','Melfalan (como clorhidrato)','50mg','INY',NULL),('582600700001','Mercaptopurina','50mg','TAB',NULL),('582600710005','Mitomicina','20mg','INY',NULL),('582600720004','Metotrexato (como base o sal sódica)','2.5mg','TAB',NULL),('582600730001','Tioguanina','40mg','TAB',NULL),('582600740006','Vinblastina sulfato','10mg','INY',NULL),('582600750002','Vincristina sulfato','1mg','INY',NULL),('582600760001','Flutamida','250mg','TAB',NULL),('582600770001','Tamoxifeno (como citrato)','20mg','TAB',NULL),('582600790001','Doxorubicina clorhidrato','50mg','INY',NULL),('582600810001','Erlotinib (como clorhidrato)','150mg','TAB',NULL),('582600830001','Folinato cálcico','equiv 15mg ácido folínico','TAB',NULL),('582600860001','Triptorelina (como acetato o pamoato)','3.75mg','INY',NULL),('582600870002','Mesna','100mg/mL','INY',NULL),('582600890001','Azatioprina','50mg','TAB',NULL),('582600900001','Ciclosporina','50mg','TAB',NULL),('582600900005','Ciclosporina','100mg/mL','LIQ ORAL',NULL),('582600940001','Infliximab','100mg','INY',NULL),('582600950001','Talidomida','100mg','TAB',NULL),('582600970001','Adalimumab','40mg','INY',NULL),('582600990005','Cetuximab','5mg/mL','INY',NULL),('582601020001','Sunitinib (como malato)','25mg','TAB',NULL),('582601030001','Bortezomib','3.5mg','INY',NULL),('582601110001','Dasatinib','70mg','TAB',NULL),('582601110002','Dasatinib','50mg','TAB',NULL),('582601150001','Azacitidina','100mg','INY',NULL),('582700090001','Biperideno lactato','5mg/mL','INY',NULL),('582700090002','Biperideno clorhidrato','2mg','TAB',NULL),('582800010003','Hierro (como sacarato)','20mg Fe/mL','INY',NULL),('582800020005','Ácido tranexámico','1g','INY',NULL),('582800190002','Epoetina alfa','4 000UI/mL','INY',NULL),('582800190006','Epoetina alfa','2 000UI/mL','INY',NULL),('582800250001','Ácido fólico','500mcg (0.5mg)','TAB',NULL),('582800290001','Warfarina sódica','5mg','TAB',NULL),('582800300002','Fitomenadiona','10mg/mL','INY',NULL),('582800340001','Alteplasa','50mg','INY',NULL),('583000110002','Diltiazem clorhidrato','60mg','TAB',NULL),('583000180001','Lanatósido C','200mcg/mL (0.2mg/mL)','INY',NULL),('583000260001','Norepinefrina (como tartrato ácido)','1mg/mL','INY',NULL),('583000290001','Propafenona clorhidrato','150mg','TAB',NULL),('583000400009','Gliceroltrinitrato','5mg/mL','INY',NULL),('583000440001','Verapamilo clorhidrato','2.5mg/mL','INY',NULL),('583000440002','Verapamilo clorhidrato','80mg','TAB',NULL),('583000450001','Amiodarona clorhidrato','50mg/mL','INY',NULL),('583000450002','Amiodarona clorhidrato','200mg','TAB',NULL),('583000480004','Digoxina','250mcg (0.25mg)','TAB',NULL),('583000490001','Dopamina clorhidrato','40mg/mL','INY',NULL),('583000500001','Nimodipino','30mg','TAB',NULL),('583000510001','Etilefrina','10mg/mL','INY',NULL),('583100020001','Amlodipino (como besilato)','10mg','TAB',NULL),('583100020002','Amlodipino (como besilato)','5mg','TAB',NULL),('583100050001','Bisoprolol fumarato','5mg','TAB',NULL),('583100070001','Carvedilol','12.5mg','TAB',NULL),('583100070002','Carvedilol','25mg','TAB',NULL),('583100070004','Carvedilol','6.25mg','TAB',NULL),('583100200001','Losartán potásico','50mg','TAB',NULL),('583100320002','Captopril','25mg','TAB',NULL),('583100330002','Enalapril maleato','20mg','TAB',NULL),('583100330004','Enalapril maleato','10mg','TAB',NULL),('583100360003','Nitroprusiato sódico','50mg','INY',NULL),('583100370001','Atenolol','100mg','TAB',NULL),('583200090003','Gemfibrozilo','600mg','TAB',NULL),('583200130001','Atorvastatina (como sal cálcica)','20mg','TAB',NULL),('583200130003','Atorvastatina (como sal cálcica)','40mg','TAB',NULL),('583300110001','Ácido fusídico','0.02','CRM TOP',NULL),('583300120001','Acitretina','25mg','TAB',NULL),('583300720001','Tretinoina','10mg','TAB',NULL),('583300900001','Isotretinoina','20mg','TAB',NULL),('583300960010','Permetrina','0.05','CRM TOP',NULL),('583300960020','Permetrina','0.01','LOC',NULL),('583300990002','Betametasona (como dipropionato)','0.0005','CRM TOP',NULL),('583301000007','Hidrocortisona (como acetato)','0.01','CRM TOP',NULL),('583301010007','Triamcinolona acetonido','0.00025','LOC',NULL),('583301020009','Clotrimazol','0.01','SOL TOP',NULL),('583400010003','Ciclopentolato clorhidrato','0.01','SOL OFT',NULL),('583400020001','Dorzolamida','0.02','SOL OFT',NULL),('583400070003','Fluoresceína sódica','0.1','INY',NULL),('583500090013','Iopamidol','equiv 300mg iodo/mL','INY',NULL),('583500100017','Bario sulfato','null','SUS REC',NULL),('583600190097','Yodo-povidona','7-10%','SOL TOP',NULL),('583600220011','Clorhexidina gluconato','0.04','SOL TOP',NULL),('583700010002','Furosemida','40mg','TAB',NULL),('583700010004','Furosemida','10mg/mL','INY',NULL),('583700030001','Hidroclorotiazida','25mg','TAB',NULL),('583700030003','Hidroclorotiazida','12.5mg','TAB',NULL),('583700040001','Espironolactona','25mg','TAB',NULL),('583800220045','Simeticona','80mg/mL o mas','LIQ ORAL',NULL),('583800380004','Mesalazina','500mg','SUP',NULL),('583800700003','Aluminio hidróxido + magnesio hidróxido','400mg + 400mg/5mL','LIQ ORAL',NULL),('583800720004','Ranitidina (como clorhidrato)','150mg','TAB',NULL),('583800750001','Dimenhidrinato','50mg','TAB',NULL),('583800760003','Metoclopramida clorhidrato','10mg','TAB',NULL),('583800770003','Ondansetron (como clorhidrato)','8mg','TAB',NULL),('583800800019','Lactulosa','3.1-3.7g/5mL','LIQ ORAL',NULL),('583800810005','Escopolamina butilbromuro','10mg','TAB',NULL),('583900050001','Cabergolina','500mcg (0.5mg)','TAB',NULL),('583900120001','Etonogestrel','68mg','IMPLANTE',NULL),('583900280006','Progesterona','100mg','TAB',NULL),('583900430002','Estriol','0.001','CRM VAG',NULL),('583900450002','Levonorgestrel','750mcg','TAB',NULL),('583900460002','Finasterida','5mg','TAB',NULL),('583900480004','Gonadotrofina coriónica','5 000UI','INY',NULL),('583900490001','Medroxiprogesterona acetato','5mg','TAB',NULL),('583900510001','Menotropina','75UI','INY',NULL),('583900530001','Dietilestilbestrol','1mg','TAB',NULL),('583900550012','Estradiol cipionato + medroxiprogesterona acetato','5mg + 25mg','INY',NULL),('584000060001','Insulina glargina (ADN recombinante)','100UI/mL','INY',NULL),('584000060008','Insulina humana (ADN recombinante)','100UI/mL','INY',NULL),('584000060021','Insulina isofana humana (NPH) (ADN recombinante)','100UI/mL','INY',NULL),('584000170001','Glibenclamida','5mg','TAB',NULL),('584000180001','Metformina clorhidrato','850mg','TAB',NULL),('584200160006','Inmunoglobulina humana normal','0.05','INY',NULL),('584400170023','Hipromelosa','0.003','SOL OFT',NULL),('584400180001','Latanoprost','0.00005','SOL OFT',NULL),('584400240006','Proximetacaína clorhidrato','0.005','SOL OFT',NULL),('584400490002','Ketotifeno (como fumarato)','0.00025','SOL OFT',NULL),('584400580002','Aciclovir','0.03','UNG OFT',NULL),('584400620002','Pilocarpina clorhidrato','0.02','SOL OFT',NULL),('584400690003','Prednisolona acetato','0.01','SUS OFT',NULL),('584400700004','Atropina sulfato','0.01','SOL OFT',NULL),('584500010002','Oxitocina','10UI/mL','INY',NULL),('584500020003','Ergometrina maleato','200mcg/mL (0.2mg/mL)','INY',NULL),('584800040002','Levomepromazina (como maleato)','100mg','TAB',NULL),('584800090002','Risperidona','2mg','TAB',NULL),('584800540001','Sulpirida','200mg','TAB',NULL),('584800620002','Haloperidol','10mg','TAB',NULL),('584800660002','Clozapina','100mg','TAB',NULL),('584900010001','Clobazam','10mg','TAB',NULL),('584900030003','Alprazolam','500mcg (0.5mg)','TAB',NULL),('584900040003','Lorazepam','4mg/mL','INY',NULL),('584900200002','Zolpidem tartrato','10mg','TAB',NULL),('584900280002','Diazepam','10mg','TAB',NULL),('584900290002','Clomipramina clorhidrato','25mg','TAB',NULL),('584900310001','Amitriptilina clorhidrato','25mg','TAB',NULL),('584900320001','Fluoxetina (como clorhidrato)','20mg','TAB',NULL),('584900330003','Sertralina (como clorhidrato)','50mg','TAB',NULL),('584900420001','Mirtazapina','30mg','TAB',NULL),('584900480002','Litio carbonato','300mg','TAB',NULL),('585000360004','Budesonida','200mcg/dosis','AER INH',NULL),('585000490017','Salbutamol (como sulfato)','100mcg/dosis','AER INH',NULL),('585000510002','Dextrometorfano bromhidrato','15mg/5mL','LIQ ORAL',NULL),('585000520001','Aminofilina','25mg/mL','INY',NULL),('585000530008','Acetilcisteína','100mg/5mL','LIQ ORAL',NULL),('585000530009','Acetilcisteína','200mg/mL','INY',NULL),('585100040008','Solución polielectrolítica','null','INY',NULL),('585100090002','Potasio cloruro','0.2','INY',NULL),('585200160012','Zinc sulfato','equiv 10mg Zn/5mL','LIQ ORAL',NULL),('585200170001','Ácido ascórbico','100mg','TAB',NULL),('585200220001','Tiamina clorhidrato','100mg','TAB',NULL),('585200260003','Calcitriol','0.25mcg','TAB',NULL),('585200260004','Calcitriol','1mcg/mL','INY',NULL),('585300900007','Fluticasona propionato + salmeterol (como xinafoato)','125mcg + 25mcg/dosis','AER INH',NULL),('585300900008','Fluticasona propionato + salmeterol (como xinafoato)','250mcg + 25mcg/dosis','AER INH',NULL),('585701820010','Macrogol 3350 + potasio cloruro + sodio cloruro + sodio bicarbonato con o sin sodio sulfato','null','PLV',NULL),('586300010002','Orfenadrina citrato','30mg/mL','INY',NULL),('586300010008','Orfenadrina citrato','100mg','TAB LIB MODIF',NULL),('586300020001','Baclofeno','10mg','TAB',NULL),('586600200002','Sevelamero clorhidrato o carbonato','800mg','TAB',NULL),('586700020001','Piridostigmina bromuro','60mg','TAB',NULL),('586800040001','Ácido zoledrónico','4mg','INY',NULL),('586900010009','Morfina clorhidrato','10mg/mL','INY',NULL),('586900010010','Morfina clorhidrato','20mg/mL','INY',NULL),('586900040001','Petidina clorhidrato','50mg/mL','INY',NULL),('586900060005','Tramadol clorhidrato','100mg/mL','LIQ ORAL',NULL),('586900060009','Tramadol clorhidrato','50mg/mL','INY',NULL),('586900070012','Codeína fosfato','30mg/mL','INY',NULL),('586900100002','Buprenorfina','35mcg/h','PARCHE TRANS',NULL),('587100010007','Hidrocortisona (como succinato sódico)','100mg','INY',NULL),('587100020001','Betametasona (como fosfato sódico)','4mg/mL','INY',NULL),('587100030002','Dexametasona fosfato (como sal sódica)','4mg/mL','INY',NULL),('587100030005','Dexametasona','4mg','TAB',NULL),('587100030007','Dexametasona (como base o dexametasona fosfato sódico)','2mg/5mL','LIQ ORAL',NULL),('587100060001','Triamcinolona acetonido','10mg/mL','INY',NULL),('587100070001','Prednisona','5mg','TAB',NULL),('587100070005','Prednisona','5mg/5mL','LIQ ORAL',NULL),('587300040002','Tiamazol','20mg','TAB',NULL),('587400010006','Desmopresina acetato','10mcg/dosis','SPR NAS',NULL),('587700050001','Metilfenidato clorhidrato','10mg','TAB',NULL),('999666222111','BORRAMEQUENOEXISTO','12mg/t','TAB',1000);
/*!40000 ALTER TABLE `petitorio` ENABLE KEYS */;
UNLOCK TABLES;

--
-- Table structure for table `petitorio_orden`
--

DROP TABLE IF EXISTS `petitorio_orden`;
/*!40101 SET @saved_cs_client     = @@character_set_client */;
/*!50503 SET character_set_client = utf8mb4 */;
CREATE TABLE `petitorio_orden` (
  `cantidad` varchar(100) COLLATE utf8mb4_general_ci NOT NULL,
  `precio_unitario` varchar(100) COLLATE utf8mb4_general_ci NOT NULL,
  `unidad_medida` varchar(100) COLLATE utf8mb4_general_ci NOT NULL,
  `fecha_vencimiento` date NOT NULL,
  `lote` varchar(100) COLLATE utf8mb4_general_ci NOT NULL,
  `precio_total` varchar(100) COLLATE utf8mb4_general_ci NOT NULL,
  `codigo_siga` varchar(100) COLLATE utf8mb4_general_ci NOT NULL,
  `id_laboratorio` varchar(100) COLLATE utf8mb4_general_ci NOT NULL,
  `id_orden` varchar(255) COLLATE utf8mb4_general_ci DEFAULT NULL,
  KEY `codigo_siga` (`codigo_siga`),
  KEY `id_laboratorio` (`id_laboratorio`),
  KEY `id_orden` (`id_orden`),
  CONSTRAINT `petitorio_orden_ibfk_1` FOREIGN KEY (`codigo_siga`) REFERENCES `petitorio` (`codigo_siga`),
  CONSTRAINT `petitorio_orden_ibfk_2` FOREIGN KEY (`id_laboratorio`) REFERENCES `laboratorio` (`id_laboratorio`),
  CONSTRAINT `petitorio_orden_ibfk_3` FOREIGN KEY (`id_orden`) REFERENCES `orden_de_compra` (`id_orden`)
) ENGINE=InnoDB DEFAULT CHARSET=utf8mb4 COLLATE=utf8mb4_general_ci;
/*!40101 SET character_set_client = @saved_cs_client */;

--
-- Dumping data for table `petitorio_orden`
--

LOCK TABLES `petitorio_orden` WRITE;
/*!40000 ALTER TABLE `petitorio_orden` DISABLE KEYS */;
INSERT INTO `petitorio_orden` VALUES ('3','1.50','UNIDAD','2010-10-04','12334','4.5','580100150001','1','1568453'),('3','10.40','UNIDAD','2024-02-01','43','31.2','357600020153','1','1568453'),('12','12.40','UNIDAD','2024-02-07','14778','148.8','357600020153','1','14888'),('10','12.40','UNIDAD','2012-03-12','123','124','357600020153','1','788455'),('10','12.20','UNIDAD','2024-03-08','15487','122','580200430007','1','1245'),('15','12.20','UNIDAD','2024-02-04','123','183','580200430007','1','1485555'),('3','12.40','UNIDAD','2024-02-29','3','37.2','580100080004','1','147080'),('10','10.12','UNIDAD','2024-02-28','1212','101.2','580100080004','1','14400'),('9','10.12','UNIDAD','2024-02-29','123','91.08','580100080004','1','19999'),('2','10.10','UNIDAD','2024-02-29','12','20.2','580100080004','1','14785'),('33','10.10','UNIDAD','2024-02-25','123','333.3','580100080004','1','11211'),('10','1.2','UNIDAD','2024-01-31','348578','12','580100080004','1','1488710'),('15','12','UNIDAD','2024-02-06','105','180','580100210021','1','1555'),('14','12','UNIDAD','2024-02-05','788','168','580100210021','1','148876'),('10','12','UNIDAD','2024-02-13','12.40','120','580100210011','1','5801'),('10','12','UNIDAD','2024-02-05','14807','120','580100210011','1','148889'),('10','13','UNIDAD','2024-01-30','1587','130','580100210011','1','1888'),('3','1.50','UNIDAD','2024-02-15','88755','4.5','580200420001','1','123123'),('2','12','UNIDAD','2024-03-01','4855','24','580100210011','1','1478856'),('4','12.10','UNIDAD','2024-03-29','14586','48.4','580100160002','1','147810'),('10','5.80','UNIDAD','2024-03-13','1410','58','584000060001','1','147810'),('10','8.50','UNIDAD','2025-10-06','18185','85','580100150001','1','18457'),('3','14.10','UNIDAD','2024-05-24','4545','42.3','351000025672','1','18457'),('3','12.10','UNIDAD','2024-03-07','458756','36.3','580100160002','1','1458936'),('4','10.1','UNIDAD','2024-03-21','12','40.4','580100080004','1','1458936'),('10','10.1','UNIDAD','2024-03-21','121212','101','580100080004','1','1487756'),('5','12.10','UNIDAD','2024-03-29','14587','60.5','580100160002','1','7777'),('10','12.1','UNIDAD','2024-03-30','14587','121','580100160002','1','454545'),('5','12.10','UNIDAD','2024-04-19','14587','60.5','580100160002','1','151565'),('20','12.10','UNIDAD','2024-06-08','147852','242','580100160002','1','187701'),('10','8.50','UNIDAD','2024-07-25','15968','85','580100150001','1','1596983'),('80','11.10','UNIDAD','2024-02-13','16653','888','580100210011','1','1588889'),('50','14.20','UNIDAD','2026-06-15','15840','710','580200460011','1','14856'),('3','123','UNIDAD','2024-03-14','185','369','580100080004','1','1515147'),('3','2','UNIDAD','2024-03-14','1452','6','580100210011','1','1478556'),('3','12','UNIDAD','2024-03-13','1221','36','580100210011','1','1878'),('800','1.20','UNIDAD','2025-06-03','18563','960','580200430007','1','1878'),('1000','1.30','UNIDAD','2025-11-12','7585','1300','580200430007','1','1744'),('100','1.40','UNIDAD','2025-07-10','8789','140','580200430007','1','888888'),('320','12','UNIDAD','2024-04-19','1212','3840','580200430010','1','88899'),('45','12','UNIDAD','2024-04-18','1522','540','580100080004','1','1231323'),('100','1.20','UNIDAD','2024-08-09','15845','120','580100080004','1','147856'),('100','1.50','UNIDAD','2024-05-11','854','150','580200450003','1','147856'),('10','3','UNIDAD','2024-04-03','3','30','580200470003','1','1233'),('150','1.20','UNIDAD','2024-05-01','869554','180','580200460011','1','12345'),('150','1.50','UNIDAD','2025-07-10','1578','225','580100080004','1','1987'),('2','12','UNIDAD','2024-05-24','1223','24','580100080004','1','124556'),('100','12','UNIDAD','2024-05-03','5167','1200','580100210011','1','124556'),('3','28.90','UNIDAD','2024-05-13','1885','86.7','580100080004','1','199856'),('3','123','UNIDAD','2024-05-14','185','369','580200430007','1','199856'),('20','16','UNIDAD','2024-05-22','1556','320','351000025672','1','199866'),('20','16','UNIDAD','2024-05-22','1556','320','351000025672','1','18961'),('5','15','UNIDAD','2024-05-23','1285','75','580100080004','1','58895'),('14','5.60','UNIDAD','2024-05-16','123456','78.4','351000025672','1','202021047'),('14','5.60','UNIDAD','2024-05-02','5.60','78.4','351000025672','1','202021047'),('14','5.60','UNIDAD','2024-05-16','123456','78.4','351000025672','1','1452452'),('12','12.50','UNIDAD','2024-06-28','154663','150','580100080004','1','21551'),('12','12.50','UNIDAD','2024-05-01','15874','150','580100150001','1','21551'),('12','12.50','UNIDAD','2024-05-15','1889','150','580100080004','1','887988'),('15','13','UNIDAD','2024-05-09','154663','195','580200430007','1','8878661'),('12','14.50','UNIDAD','2024-06-07','154663','174','580100080004','1','199998'),('150','12.50','UNIDAD','2024-06-05','123321','1875','580100210021','1','34434324'),('12','12.50','UNIDAD','2024-06-06','112211212121','150','11122233344','1','999998'),('12','12.20','UNIDAD','2024-06-11','1919986','146.4','580200470003','1','999998'),('12','12.50','UNIDAD','2024-06-11','154663','150','580400210001','1','213123'),('12','12.50','UNIDAD','2024-06-10','1111111','150','580200470003','1','213123123'),('1123','112','UNIDAD','2024-05-31','154663','125776','580100150001','1','223312'),('21','10','UNIDAD','2026-06-17','555','210','580100150001','1','5454'),('300','1.25','UNIDAD','2025-10-14','158','375','581500100003','1','545485'),('12','12.5','UNIDAD','2024-06-17','1235','150','580100080004','1','1232024'),('100','1.00','UNIDAD','2024-06-30','87242','100','580200480002','1','15422024'),('100','4','UNIDAD','2026-10-13','12344','400','580200430010','1','8888962024'),('5','10','UNIDAD','2024-07-12','r','50','580100080004','1','3212024'),('23','5','UNIDAD','2027-02-09','r','115','581000080007','1','9088872024'),('10','11','UNIDAD','2028-07-07','t','110','580100210011','1','9088872024'),('100','1.00','UNIDAD','2024-07-05','87242','100','580200480002','1','651651232024'),('100','1.00','UNIDAD','0848-12-15','87242','100','580100150001','1','651651232024'),('12','12.50','UNIDAD','2024-07-24','154663','150','580100080004','1','12232024'),('100','1.00','UNIDAD','2024-07-05','87242','100','580200480002','1','651651231412512024'),('100','1.00','UNIDAD','0848-12-15','87242','100','580100150001','1','651651231412512024'),('2','12.50','UNIDAD','2024-07-10','1234','25','351000025672','1','156845312024'),('3','2','UNIDAD','2024-07-10','123','6','580100080004','1','12342024'),('100','12.6','UNIDAD','2024-08-09','L134512','1260','580100150001','1','52852525929522024'),('100','1.00','UNIDAD','2024-08-02','87242','100','580100150001','1','65165123258822024'),('25','12.5','UNIDAD','2026-11-13','154663','312.5','580200420001','1','133213332024');
/*!40000 ALTER TABLE `petitorio_orden` ENABLE KEYS */;
UNLOCK TABLES;

--
-- Table structure for table `receta`
--

DROP TABLE IF EXISTS `receta`;
/*!40101 SET @saved_cs_client     = @@character_set_client */;
/*!50503 SET character_set_client = utf8mb4 */;
CREATE TABLE `receta` (
  `fichador_receta` varchar(150) COLLATE utf8mb4_general_ci NOT NULL,
  `fecha` date NOT NULL,
  `monto_total` varchar(20) COLLATE utf8mb4_general_ci NOT NULL,
  `dni_usuario` varchar(100) COLLATE utf8mb4_general_ci NOT NULL,
  `codigo_alumno` varchar(100) COLLATE utf8mb4_general_ci NOT NULL,
  `dni_medico` int NOT NULL,
  `periodo_academico` varchar(20) COLLATE utf8mb4_general_ci DEFAULT NULL,
  PRIMARY KEY (`fichador_receta`),
  KEY `dni_usuario` (`dni_usuario`),
  KEY `codigo_alumno` (`codigo_alumno`),
  KEY `dni_medico` (`dni_medico`),
  CONSTRAINT `receta_ibfk_1` FOREIGN KEY (`dni_usuario`) REFERENCES `usuario` (`dni_usuario`),
  CONSTRAINT `receta_ibfk_2` FOREIGN KEY (`codigo_alumno`) REFERENCES `alumno` (`codigo_alumno`),
  CONSTRAINT `receta_ibfk_3` FOREIGN KEY (`dni_medico`) REFERENCES `médico` (`dni_medico`)
) ENGINE=InnoDB DEFAULT CHARSET=utf8mb4 COLLATE=utf8mb4_general_ci;
/*!40101 SET character_set_client = @saved_cs_client */;

--
-- Dumping data for table `receta`
--

LOCK TABLES `receta` WRITE;
/*!40000 ALTER TABLE `receta` DISABLE KEYS */;
INSERT INTO `receta` VALUES ('01082024','2024-06-13','76.6','1278412','20200284G',48668142,NULL),('04123','2024-03-22','38.6','75077262','20200284G',75077262,NULL),('1','2024-06-17','2576','1278412','20200284G',21525497,NULL),('1111','2024-02-28','168.04','75077262','20200284g',75077262,NULL),('11111111111','2024-08-13','144','1278412','20190123F',8484874,'2024-1'),('1122233','2024-06-05','2.4','75077262','20200284G',6891945,NULL),('1212121','2024-04-03','1.2','75077262','20200284g',75077262,NULL),('1213231','2024-06-05','18.4','75077262','20200284G',8340044,NULL),('12223214','2024-06-10','2.4','1278412','20200284G',6891945,NULL),('1231231231','2024-06-10','2.4','1278412','20204100H',8340044,NULL),('123123123231','2024-06-05','2.4','75077262','20200284G',8484874,NULL),('12312321','2024-08-01','25.2','1278412','20200284G',8340044,'2024-1'),('123124124','2024-06-13','2.4','1278412','20200284G',8484874,NULL),('1234','2024-04-30','2.4','75077262','20200284G',8484874,NULL),('123412','2024-07-08','144','75077262','20200284G',6891945,'2024-1'),('1234451','2024-07-09','36','75077262','20200284G',10482881,'2024-1'),('123821','2024-05-08','0','75077262','20202107E',1176353,NULL),('1245','2024-06-05','12','75077262','20200284G',8340044,NULL),('1254916','2024-07-31','14.5','1278412','20202070D',21525497,'2024-1'),('1425','2024-06-03','1182.2','1278412','20202107E',6113652,NULL),('15151','2024-03-30','40.50','75077262','20200245k',78078078,NULL),('151515','2024-04-05','148.4','75077262','20200284G',75077262,NULL),('151548','2024-04-04','180','75077262','20200284g',75077262,NULL),('1547','2024-02-28','248.8','75077262','20200284g',75077262,NULL),('155555','2024-03-22','286.2','75077262','20200284G',75077262,NULL),('15874','2024-03-13','25.00','75077262','20200245k',74074074,NULL),('159638','2024-05-15','0','75077262','20202107E',1176353,NULL),('178945','2024-05-03','5','75077262','20200162I',10285073,NULL),('187654','2024-04-30','2.4','75077262','20200284G',75077262,NULL),('18777','2024-05-17','1.3','75077262','20200448J',10285073,NULL),('19191948','2024-05-03','6.4','75077262','20190112D',6113652,NULL),('198198','2024-06-06','2.4','75077262','20200284G',6113652,NULL),('1986','2024-05-22','0','75077262','20200284G',10285073,NULL),('2112312','2024-06-10','14.4','1278412','20204100H',8340044,NULL),('212312321','2024-06-10','14.4','1278412','20200284G',6891945,NULL),('213123','2024-06-05','3.6','75077262','20200284G',8484874,NULL),('2131231','2024-04-03','3.9','75077262','20200284g',75077262,NULL),('21314515','2024-06-21','2.4','1278412','20200284G',10482881,'2024-1'),('213213132','2024-06-10','14.4','1278412','20200284G',8340044,NULL),('25888','2024-06-26','39','1278412','20200284G',6891945,'2024-1'),('3123123','2024-04-29','73.2','75077262','20191040G',75077262,NULL),('3225435','2024-07-12','20.8','75077262','20202070D',45045045,'2024-1'),('342421','2024-06-21','3.6','1278412','20200284G',8484874,'2024-1'),('41253','2024-02-28','168.04','75077262','20200284g',75077262,NULL),('4125312','2024-06-11','12.2','75077262','20200284G',6891945,NULL),('41253213','2024-06-04','0','75077262','20200284G',8484874,NULL),('4456','2024-04-08','24','75077262','20200284g',75077262,NULL),('45245','2024-05-03','1.2','1278412','20200284G',6113652,NULL),('4554','2024-04-29','1.2','75077262','20191040G',75077262,NULL),('4558','2024-04-29','1.2','75077262','20191040G',75077262,NULL),('4559','2024-04-29','1.2','75077262','20191040G',75077262,NULL),('45994994','2024-06-17','138.1','1278412','20200284G',6891945,NULL),('46969','2024-04-29','1.2','75077262','20191040G',75077262,NULL),('696969','2024-03-08','36.4','75077262','20200284g',75077262,NULL),('7485','2024-04-03','14.2','75077262','20200284G',75077262,NULL),('7979','2024-04-03','1.2','75077262','20200284G',75077262,NULL),('797979','2024-04-04','194.4','75077262','20200284g',75077262,NULL),('8745','2024-04-24','14.2','75077262','20200284g',45045045,NULL),('878787','2024-04-19','40.6','75077262','20200284g',45045045,NULL),('895616','2024-06-26','61.2','1278412','20200131F',40598245,'2024-1');
/*!40000 ALTER TABLE `receta` ENABLE KEYS */;
UNLOCK TABLES;

--
-- Table structure for table `usuario`
--

DROP TABLE IF EXISTS `usuario`;
/*!40101 SET @saved_cs_client     = @@character_set_client */;
/*!50503 SET character_set_client = utf8mb4 */;
CREATE TABLE `usuario` (
  `dni_usuario` varchar(100) COLLATE utf8mb4_general_ci NOT NULL,
  `nombre` varchar(100) COLLATE utf8mb4_general_ci NOT NULL,
  `usuario` varchar(100) COLLATE utf8mb4_general_ci NOT NULL,
  `contraseña` varchar(100) COLLATE utf8mb4_general_ci NOT NULL,
  `rol` varchar(100) COLLATE utf8mb4_general_ci NOT NULL,
  PRIMARY KEY (`dni_usuario`)
) ENGINE=InnoDB DEFAULT CHARSET=utf8mb4 COLLATE=utf8mb4_general_ci;
/*!40101 SET character_set_client = @saved_cs_client */;

--
-- Dumping data for table `usuario`
--

LOCK TABLES `usuario` WRITE;
/*!40000 ALTER TABLE `usuario` DISABLE KEYS */;
INSERT INTO `usuario` VALUES ('1278412','Rita Paz Atto','rita.paz@uni.edu.pe','$2y$10$KkXhI3Mmj/jqVRzCQkxx7.YOwsHm6LPI1WzjY8TnOvCQEPDmNVP1a','1'),('65878412','Crystal Atalaya Nazareth','c.atalaya.v@uni.edu.pe','$2y$10$//FlKM2AyVgm2u/MbiL6suHXz9lNCL6H.D62syTTn9fa8ARNVS/oC','0'),('75077262','Andres Salazar Pizarro','andres.salazar.p@uni.pe','$2y$10$z0nkQtUBz7upL9siOYZLz.rpUdiCK/CDatgF7/Q4PW5yEU7wx3.VC','0'),('78077965','Jhonatan Vazques Gamboa','j.vasquez.g@uni.edu.pe','$2y$10$XRV2Zp4.5KOF/43bm7Eu7uKWOgQYmS.srXJDVpzTSFG9hCVFB1nxq','0');
/*!40000 ALTER TABLE `usuario` ENABLE KEYS */;
UNLOCK TABLES;
/*!40103 SET TIME_ZONE=@OLD_TIME_ZONE */;

/*!40101 SET SQL_MODE=@OLD_SQL_MODE */;
/*!40014 SET FOREIGN_KEY_CHECKS=@OLD_FOREIGN_KEY_CHECKS */;
/*!40014 SET UNIQUE_CHECKS=@OLD_UNIQUE_CHECKS */;
/*!40101 SET CHARACTER_SET_CLIENT=@OLD_CHARACTER_SET_CLIENT */;
/*!40101 SET CHARACTER_SET_RESULTS=@OLD_CHARACTER_SET_RESULTS */;
/*!40101 SET COLLATION_CONNECTION=@OLD_COLLATION_CONNECTION */;
/*!40111 SET SQL_NOTES=@OLD_SQL_NOTES */;

-- Dump completed on 2024-08-13 20:26:09
